4.12,2271.0,8.0,5.0,9.0,21.0,44.0,128.0,297.0,712.0,625.0,422.0
4.17,1177.0,5.0,7.0,11.0,23.0,28.0,86.0,127.0,248.0,271.0,371.0
3.98,492.0,3.0,3.0,0.0,8.0,18.0,45.0,77.0,148.0,100.0,90.0
4.04,1071.0,7.0,5.0,6.0,23.0,35.0,80.0,141.0,289.0,251.0,234.0
3.94,7573.0,10.0,23.0,30.0,83.0,179.0,550.0,1328.0,2782.0,2051.0,537.0
4.11,618.0,2.0,2.0,1.0,14.0,24.0,47.0,92.0,152.0,146.0,138.0
3.94,1445.0,26.0,17.0,22.0,41.0,47.0,97.0,199.0,375.0,290.0,331.0
3.99,1083.0,11.0,8.0,11.0,20.0,41.0,98.0,122.0,285.0,271.0,216.0
4.01,952.0,5.0,2.0,6.0,26.0,26.0,83.0,156.0,259.0,221.0,168.0
4.03,725.0,4.0,5.0,6.0,18.0,26.0,59.0,118.0,189.0,152.0,148.0
3.96,421.0,3.0,5.0,0.0,11.0,15.0,37.0,61.0,118.0,84.0,87.0
3.97,786.0,9.0,5.0,2.0,12.0,25.0,68.0,121.0,250.0,172.0,122.0
4.18,1098.0,3.0,4.0,5.0,16.0,29.0,68.0,122.0,245.0,239.0,367.0
4.01,329.0,3.0,3.0,2.0,7.0,8.0,17.0,48.0,112.0,78.0,51.0
4.25,671.0,4.0,2.0,0.0,10.0,16.0,46.0,57.0,137.0,176.0,223.0
3.91,28128.0,164.0,174.0,236.0,675.0,1126.0,2507.0,4258.0,7453.0,6365.0,5170.0
3.92,539.0,4.0,5.0,9.0,18.0,21.0,52.0,56.0,118.0,116.0,140.0
3.96,708.0,2.0,7.0,7.0,17.0,26.0,56.0,98.0,193.0,158.0,144.0
4.14,760.0,5.0,8.0,1.0,16.0,16.0,61.0,90.0,181.0,166.0,216.0
4.03,554.0,3.0,3.0,2.0,9.0,19.0,40.0,70.0,171.0,118.0,119.0
4.12,1002.0,3.0,2.0,4.0,10.0,20.0,54.0,123.0,334.0,308.0,144.0
4.07,326.0,4.0,0.0,3.0,5.0,9.0,24.0,32.0,89.0,90.0,70.0
3.98,581.0,3.0,6.0,4.0,15.0,30.0,44.0,93.0,156.0,126.0,104.0
3.96,11741.0,41.0,79.0,88.0,260.0,432.0,977.0,1758.0,3163.0,2567.0,2376.0
3.88,26785.0,101.0,154.0,238.0,640.0,1008.0,2773.0,4585.0,7524.0,5434.0,4328.0
4.07,25115.0,93.0,83.0,100.0,316.0,633.0,1685.0,3461.0,7279.0,6783.0,4682.0
4.02,443.0,2.0,0.0,2.0,14.0,20.0,40.0,56.0,123.0,88.0,98.0
4.02,278.0,0.0,0.0,3.0,10.0,8.0,27.0,39.0,81.0,73.0,37.0
3.96,650.0,4.0,7.0,9.0,17.0,21.0,53.0,100.0,179.0,126.0,134.0
3.98,8677.0,39.0,45.0,42.0,143.0,230.0,691.0,1308.0,2622.0,2145.0,1412.0
4.07,657.0,2.0,3.0,5.0,9.0,18.0,56.0,109.0,175.0,142.0,138.0
4.02,24266.0,69.0,100.0,129.0,295.0,684.0,1805.0,3712.0,7332.0,5981.0,4159.0
4.05,309.0,1.0,1.0,1.0,7.0,11.0,27.0,38.0,92.0,72.0,59.0
4.02,477.0,2.0,1.0,1.0,7.0,14.0,43.0,78.0,149.0,102.0,80.0
3.83,20942.0,261.0,271.0,295.0,690.0,905.0,1876.0,3025.0,4962.0,4349.0,4308.0
4.03,937.0,1.0,7.0,5.0,21.0,17.0,71.0,121.0,296.0,236.0,162.0
3.95,3091.0,9.0,19.0,21.0,47.0,114.0,309.0,469.0,894.0,655.0,554.0
4.04,607.0,2.0,2.0,2.0,8.0,20.0,53.0,81.0,172.0,145.0,122.0
4.37,640.0,1.0,2.0,1.0,9.0,10.0,19.0,54.0,105.0,183.0,256.0
4.14,692.0,4.0,5.0,6.0,9.0,14.0,35.0,88.0,178.0,194.0,159.0
4.12,1261.0,5.0,14.0,10.0,47.0,29.0,80.0,150.0,268.0,277.0,381.0
4.04,841.0,3.0,5.0,10.0,22.0,18.0,58.0,91.0,250.0,225.0,159.0
4.11,1335.0,13.0,22.0,13.0,33.0,47.0,79.0,147.0,289.0,298.0,394.0
4.06,914.0,7.0,5.0,4.0,17.0,33.0,61.0,122.0,239.0,232.0,194.0
4.15,385.0,2.0,3.0,1.0,4.0,6.0,24.0,36.0,112.0,112.0,85.0
3.95,937.0,8.0,6.0,9.0,18.0,35.0,77.0,115.0,254.0,277.0,138.0
4.11,947.0,5.0,10.0,1.0,20.0,34.0,72.0,105.0,206.0,210.0,284.0
3.85,42316.0,270.0,259.0,329.0,810.0,1632.0,4152.0,7850.0,12593.0,8823.0,5598.0
3.98,1574.0,3.0,9.0,6.0,26.0,43.0,128.0,248.0,493.0,353.0,265.0
4.08,694.0,3.0,4.0,3.0,8.0,20.0,51.0,87.0,175.0,176.0,167.0
4.01,772.0,2.0,5.0,8.0,12.0,20.0,51.0,146.0,223.0,174.0,131.0
4.09,741.0,4.0,0.0,6.0,16.0,31.0,47.0,96.0,187.0,181.0,173.0
3.98,933.0,6.0,10.0,10.0,23.0,40.0,67.0,108.0,244.0,228.0,197.0
4.06,621.0,2.0,4.0,0.0,10.0,24.0,46.0,89.0,172.0,140.0,134.0
3.94,3487.0,9.0,18.0,21.0,42.0,106.0,310.0,609.0,1158.0,720.0,494.0
3.89,23811.0,112.0,109.0,160.0,354.0,783.0,1855.0,4024.0,8315.0,5828.0,2271.0
3.99,3713.0,7.0,14.0,22.0,30.0,93.0,246.0,648.0,1300.0,948.0,405.0
4.21,53743.0,305.0,284.0,320.0,804.0,1257.0,3018.0,5137.0,10191.0,11992.0,20435.0
3.97,482.0,5.0,4.0,1.0,7.0,17.0,62.0,80.0,115.0,80.0,111.0
3.95,594.0,3.0,3.0,6.0,8.0,30.0,61.0,87.0,182.0,125.0,89.0
3.99,34741.0,227.0,313.0,322.0,826.0,1228.0,2638.0,4323.0,8380.0,8416.0,8068.0
4.15,579.0,0.0,2.0,1.0,4.0,8.0,25.0,61.0,179.0,192.0,107.0
4.23,1375.0,5.0,2.0,7.0,17.0,33.0,86.0,144.0,323.0,341.0,417.0
3.99,619.0,5.0,4.0,6.0,9.0,20.0,46.0,109.0,191.0,125.0,104.0
4.04,683.0,5.0,7.0,5.0,9.0,20.0,46.0,97.0,224.0,135.0,135.0
3.97,617.0,9.0,5.0,7.0,11.0,16.0,60.0,105.0,178.0,114.0,112.0
4.07,1347.0,3.0,6.0,10.0,24.0,38.0,102.0,166.0,389.0,316.0,293.0
4.07,583.0,2.0,1.0,4.0,6.0,15.0,51.0,73.0,177.0,144.0,110.0
3.98,16837.0,72.0,98.0,108.0,285.0,646.0,1373.0,2424.0,4511.0,4105.0,3215.0
4.05,11461.0,33.0,29.0,33.0,130.0,271.0,790.0,1616.0,3494.0,3174.0,1891.0
4.16,17265.0,57.0,89.0,87.0,243.0,407.0,1011.0,1791.0,4215.0,4607.0,4758.0
4.08,1245.0,4.0,7.0,6.0,13.0,41.0,92.0,166.0,336.0,300.0,280.0
4.05,22563.0,92.0,108.0,133.0,356.0,579.0,1443.0,2861.0,6721.0,6386.0,3884.0
4.0,13477.0,73.0,73.0,127.0,304.0,526.0,1143.0,1753.0,3159.0,2844.0,3475.0
4.03,10762.0,16.0,26.0,35.0,126.0,193.0,780.0,1628.0,3750.0,2588.0,1620.0
4.05,771.0,0.0,3.0,7.0,12.0,26.0,61.0,108.0,203.0,179.0,172.0
4.29,1501.0,7.0,8.0,6.0,19.0,41.0,68.0,126.0,305.0,353.0,568.0
3.98,807.0,6.0,4.0,5.0,22.0,27.0,66.0,126.0,241.0,166.0,144.0
3.89,587.0,5.0,11.0,8.0,23.0,23.0,48.0,65.0,112.0,106.0,186.0
3.96,694.0,5.0,3.0,1.0,6.0,17.0,51.0,92.0,259.0,176.0,84.0
3.99,1632.0,8.0,7.0,9.0,15.0,33.0,128.0,221.0,581.0,404.0,226.0
4.03,1184.0,8.0,8.0,9.0,22.0,55.0,106.0,159.0,240.0,241.0,336.0
4.04,709.0,3.0,2.0,6.0,14.0,21.0,72.0,93.0,185.0,156.0,157.0
4.1,1482.0,5.0,5.0,5.0,4.0,23.0,70.0,172.0,548.0,427.0,223.0
3.91,1546.0,25.0,22.0,21.0,41.0,56.0,147.0,205.0,369.0,310.0,350.0
4.11,13820.0,39.0,51.0,65.0,159.0,327.0,882.0,1689.0,3664.0,4031.0,2913.0
4.04,462.0,2.0,1.0,2.0,10.0,18.0,38.0,65.0,129.0,94.0,103.0
4.06,807.0,3.0,4.0,3.0,19.0,29.0,55.0,92.0,215.0,218.0,169.0
3.97,848.0,4.0,9.0,2.0,15.0,34.0,72.0,143.0,250.0,161.0,158.0
4.18,1350.0,5.0,5.0,11.0,23.0,41.0,84.0,164.0,334.0,286.0,397.0
3.95,514.0,5.0,5.0,4.0,14.0,26.0,51.0,65.0,122.0,107.0,115.0
4.01,520.0,3.0,5.0,3.0,10.0,20.0,44.0,78.0,131.0,109.0,117.0
4.01,9870.0,57.0,90.0,104.0,214.0,365.0,780.0,1250.0,2326.0,2146.0,2538.0
3.96,509.0,3.0,9.0,4.0,8.0,19.0,38.0,81.0,141.0,117.0,89.0
4.18,1303.0,7.0,9.0,12.0,28.0,38.0,80.0,117.0,268.0,305.0,439.0
4.21,354.0,4.0,3.0,0.0,7.0,16.0,15.0,27.0,78.0,83.0,121.0
3.98,316.0,2.0,1.0,5.0,10.0,8.0,25.0,43.0,80.0,90.0,52.0
3.96,947.0,4.0,2.0,4.0,18.0,29.0,111.0,160.0,261.0,187.0,171.0
4.06,862.0,8.0,6.0,5.0,22.0,35.0,61.0,104.0,213.0,184.0,224.0
4.17,1103.0,2.0,2.0,2.0,10.0,19.0,51.0,123.0,337.0,344.0,213.0
3.95,2162.0,28.0,26.0,18.0,57.0,74.0,162.0,279.0,622.0,509.0,387.0
4.11,1053.0,1.0,2.0,2.0,13.0,21.0,66.0,149.0,304.0,268.0,227.0
4.07,327.0,2.0,1.0,1.0,4.0,13.0,19.0,43.0,109.0,77.0,58.0
4.11,4815.0,5.0,5.0,14.0,52.0,103.0,311.0,621.0,1455.0,1258.0,991.0
4.07,996.0,7.0,7.0,6.0,11.0,36.0,69.0,145.0,246.0,225.0,244.0
4.06,714.0,4.0,6.0,3.0,7.0,27.0,50.0,85.0,190.0,174.0,168.0
3.9,10788.0,40.0,67.0,79.0,214.0,380.0,1015.0,1835.0,3108.0,2388.0,1662.0
4.02,1085.0,10.0,8.0,9.0,26.0,32.0,79.0,157.0,275.0,244.0,245.0
4.46,3255.0,25.0,17.0,20.0,38.0,57.0,142.0,190.0,443.0,649.0,1674.0
4.05,5651.0,14.0,10.0,19.0,56.0,109.0,350.0,877.0,1969.0,1478.0,769.0
3.91,15134.0,74.0,87.0,135.0,333.0,646.0,1422.0,2406.0,4111.0,3170.0,2750.0
4.01,665.0,3.0,5.0,5.0,12.0,23.0,61.0,99.0,188.0,128.0,141.0
4.04,1364.0,9.0,12.0,8.0,20.0,42.0,88.0,189.0,351.0,286.0,359.0
4.03,26975.0,172.0,190.0,260.0,590.0,929.0,2097.0,3253.0,5958.0,5780.0,7746.0
4.27,2139.0,12.0,10.0,7.0,30.0,44.0,108.0,208.0,442.0,543.0,735.0
4.0,706.0,1.0,4.0,6.0,12.0,28.0,71.0,102.0,170.0,156.0,156.0
4.26,2970.0,29.0,12.0,5.0,14.0,31.0,143.0,232.0,721.0,961.0,822.0
3.97,382.0,2.0,2.0,7.0,8.0,13.0,33.0,55.0,113.0,75.0,74.0
4.23,386.0,0.0,2.0,2.0,6.0,9.0,28.0,34.0,68.0,99.0,138.0
4.1,20584.0,72.0,104.0,137.0,375.0,620.0,1443.0,2338.0,4797.0,5199.0,5499.0
4.23,2111.0,16.0,20.0,16.0,47.0,46.0,118.0,205.0,426.0,446.0,771.0
4.18,1474.0,5.0,7.0,3.0,16.0,41.0,93.0,181.0,352.0,372.0,404.0
4.04,879.0,7.0,12.0,7.0,23.0,33.0,73.0,122.0,197.0,163.0,242.0
3.99,9558.0,27.0,48.0,54.0,183.0,374.0,835.0,1403.0,2520.0,2258.0,1856.0
3.97,586.0,1.0,4.0,3.0,14.0,15.0,33.0,101.0,189.0,153.0,73.0
3.98,508.0,2.0,3.0,3.0,8.0,21.0,47.0,82.0,150.0,88.0,104.0
4.14,19479.0,36.0,55.0,96.0,218.0,427.0,1233.0,2427.0,5063.0,4954.0,4970.0
3.92,7858.0,12.0,24.0,53.0,99.0,213.0,727.0,1360.0,2616.0,1921.0,833.0
3.98,15365.0,55.0,90.0,70.0,247.0,391.0,1232.0,2303.0,4480.0,3752.0,2745.0
4.22,625.0,1.0,5.0,4.0,8.0,20.0,31.0,58.0,129.0,168.0,201.0
3.95,921.0,5.0,3.0,5.0,23.0,29.0,74.0,163.0,237.0,214.0,168.0
3.93,16307.0,38.0,47.0,77.0,270.0,501.0,1443.0,2804.0,5397.0,3549.0,2181.0
4.06,25229.0,51.0,68.0,128.0,287.0,585.0,1774.0,3620.0,7481.0,6610.0,4625.0
4.21,481.0,3.0,3.0,2.0,10.0,11.0,27.0,60.0,98.0,105.0,162.0
3.99,666.0,2.0,1.0,3.0,7.0,21.0,49.0,104.0,219.0,163.0,97.0
4.2,24694.0,183.0,117.0,116.0,306.0,526.0,1342.0,2405.0,5504.0,6284.0,7911.0
4.15,734.0,2.0,4.0,5.0,19.0,21.0,40.0,83.0,167.0,177.0,216.0
4.07,439.0,4.0,4.0,2.0,7.0,12.0,35.0,56.0,106.0,119.0,94.0
4.37,7895.0,18.0,26.0,27.0,69.0,102.0,275.0,622.0,1461.0,2145.0,3150.0
4.16,1240.0,9.0,8.0,3.0,17.0,35.0,86.0,135.0,282.0,314.0,351.0
4.04,19335.0,79.0,88.0,139.0,325.0,587.0,1369.0,2530.0,5280.0,5143.0,3795.0
4.0,1382.0,13.0,16.0,12.0,45.0,44.0,89.0,167.0,342.0,348.0,306.0
4.12,311.0,2.0,1.0,0.0,5.0,6.0,14.0,34.0,110.0,83.0,56.0
3.99,445.0,0.0,5.0,1.0,9.0,10.0,33.0,74.0,123.0,118.0,72.0
3.94,9559.0,35.0,48.0,63.0,185.0,326.0,818.0,1594.0,2881.0,2337.0,1272.0
4.06,18168.0,46.0,43.0,68.0,239.0,457.0,1352.0,2621.0,5287.0,4715.0,3340.0
4.17,1357.0,10.0,6.0,6.0,27.0,39.0,87.0,161.0,352.0,295.0,374.0
3.98,12677.0,32.0,49.0,75.0,189.0,377.0,1109.0,2026.0,3827.0,2907.0,2086.0
4.04,782.0,2.0,3.0,4.0,10.0,24.0,57.0,110.0,228.0,223.0,121.0
4.35,1950.0,20.0,13.0,9.0,32.0,43.0,99.0,145.0,270.0,405.0,914.0
4.03,1980.0,11.0,11.0,20.0,38.0,59.0,154.0,282.0,537.0,455.0,413.0
3.97,5096.0,13.0,19.0,19.0,63.0,134.0,436.0,849.0,1727.0,1091.0,745.0
4.01,637.0,2.0,5.0,2.0,11.0,15.0,59.0,98.0,175.0,122.0,148.0
3.97,433.0,2.0,4.0,3.0,8.0,20.0,34.0,83.0,114.0,72.0,93.0
4.02,392.0,1.0,0.0,1.0,0.0,7.0,23.0,61.0,172.0,89.0,38.0
4.06,1535.0,6.0,12.0,10.0,37.0,59.0,116.0,188.0,319.0,320.0,468.0
4.15,17997.0,34.0,58.0,74.0,199.0,375.0,1042.0,2126.0,4790.0,4813.0,4486.0
4.16,1076.0,6.0,5.0,6.0,22.0,21.0,71.0,144.0,270.0,238.0,293.0
4.05,467.0,2.0,5.0,1.0,4.0,23.0,36.0,66.0,115.0,108.0,107.0
4.16,429.0,2.0,0.0,2.0,4.0,13.0,27.0,60.0,98.0,102.0,121.0
3.99,655.0,3.0,5.0,5.0,18.0,22.0,57.0,102.0,187.0,147.0,109.0
4.13,1228.0,8.0,13.0,10.0,24.0,31.0,78.0,138.0,277.0,264.0,385.0
4.19,751.0,5.0,9.0,2.0,14.0,18.0,48.0,92.0,170.0,190.0,203.0
4.13,562.0,1.0,2.0,4.0,11.0,17.0,38.0,100.0,129.0,104.0,156.0
3.93,7763.0,31.0,49.0,59.0,158.0,255.0,710.0,1223.0,2235.0,1640.0,1403.0
4.04,555.0,1.0,8.0,3.0,9.0,15.0,54.0,69.0,160.0,125.0,111.0
4.09,323.0,1.0,2.0,1.0,2.0,4.0,17.0,44.0,105.0,98.0,49.0
4.1,10981.0,19.0,24.0,50.0,90.0,195.0,676.0,1467.0,3453.0,3045.0,1962.0
4.0,574.0,1.0,0.0,4.0,6.0,10.0,50.0,96.0,204.0,129.0,74.0
4.06,1324.0,12.0,13.0,16.0,25.0,36.0,70.0,158.0,325.0,301.0,368.0
4.12,1178.0,11.0,7.0,3.0,22.0,33.0,71.0,132.0,299.0,292.0,308.0
3.99,14444.0,40.0,37.0,57.0,184.0,388.0,1173.0,2437.0,4653.0,3267.0,2208.0
3.96,1244.0,13.0,5.0,12.0,32.0,46.0,104.0,171.0,329.0,288.0,244.0
4.07,388.0,3.0,3.0,1.0,10.0,11.0,28.0,63.0,115.0,91.0,63.0
3.95,536.0,4.0,5.0,6.0,11.0,22.0,53.0,70.0,154.0,108.0,103.0
3.96,407.0,1.0,2.0,2.0,11.0,12.0,35.0,86.0,111.0,85.0,62.0
3.99,893.0,6.0,7.0,1.0,20.0,37.0,80.0,129.0,245.0,186.0,182.0
3.96,8728.0,30.0,41.0,45.0,133.0,253.0,645.0,1407.0,2826.0,2239.0,1109.0
3.98,657.0,5.0,4.0,5.0,12.0,31.0,49.0,92.0,163.0,148.0,148.0
3.96,936.0,3.0,4.0,4.0,29.0,37.0,75.0,151.0,301.0,192.0,140.0
4.02,344.0,2.0,2.0,3.0,6.0,6.0,18.0,42.0,114.0,98.0,53.0
4.04,1371.0,8.0,8.0,5.0,30.0,49.0,93.0,193.0,365.0,315.0,305.0
3.95,15116.0,41.0,63.0,74.0,229.0,410.0,1220.0,2592.0,5031.0,3326.0,2130.0
4.17,1560.0,14.0,12.0,18.0,35.0,51.0,100.0,144.0,254.0,311.0,621.0
4.14,541.0,2.0,2.0,2.0,8.0,18.0,30.0,73.0,130.0,135.0,141.0
4.08,958.0,4.0,5.0,8.0,12.0,23.0,90.0,125.0,239.0,238.0,214.0
3.93,4291.0,10.0,20.0,28.0,63.0,160.0,417.0,702.0,1343.0,835.0,713.0
4.23,1240.0,6.0,7.0,4.0,12.0,29.0,77.0,131.0,268.0,340.0,366.0
4.07,526.0,1.0,1.0,0.0,10.0,17.0,48.0,67.0,149.0,132.0,101.0
4.04,540.0,2.0,1.0,1.0,8.0,20.0,46.0,79.0,179.0,107.0,97.0
4.05,265.0,1.0,0.0,2.0,4.0,5.0,20.0,50.0,79.0,55.0,49.0
3.87,10570.0,86.0,81.0,107.0,284.0,475.0,909.0,1608.0,2769.0,2319.0,1932.0
3.94,1488.0,16.0,24.0,21.0,52.0,60.0,109.0,192.0,346.0,310.0,358.0
3.95,12390.0,46.0,68.0,87.0,225.0,391.0,1031.0,1981.0,3614.0,2914.0,2033.0
4.09,1906.0,7.0,5.0,8.0,15.0,31.0,135.0,244.0,599.0,511.0,351.0
4.01,13061.0,58.0,72.0,88.0,226.0,390.0,951.0,1724.0,3579.0,3283.0,2690.0
4.14,547.0,3.0,1.0,1.0,4.0,14.0,48.0,61.0,168.0,109.0,138.0
4.26,2190.0,12.0,14.0,12.0,37.0,43.0,109.0,190.0,463.0,556.0,754.0
4.05,375.0,1.0,3.0,4.0,7.0,11.0,25.0,67.0,90.0,76.0,91.0
4.14,1004.0,6.0,6.0,10.0,17.0,24.0,59.0,138.0,232.0,229.0,283.0
3.9,12020.0,30.0,54.0,69.0,231.0,413.0,1106.0,2122.0,3738.0,2832.0,1425.0
4.15,389.0,1.0,1.0,0.0,3.0,21.0,32.0,47.0,88.0,89.0,107.0
3.87,13436.0,55.0,82.0,139.0,325.0,540.0,1234.0,2239.0,3816.0,2914.0,2092.0
4.03,6984.0,18.0,19.0,35.0,79.0,193.0,532.0,1059.0,2068.0,1700.0,1281.0
4.0,260.0,0.0,0.0,0.0,3.0,3.0,22.0,48.0,95.0,67.0,22.0
3.92,18550.0,66.0,101.0,117.0,312.0,649.0,1629.0,3063.0,5612.0,4204.0,2797.0
4.0,1165.0,7.0,9.0,6.0,16.0,33.0,102.0,167.0,329.0,283.0,213.0
4.07,16292.0,57.0,78.0,84.0,287.0,430.0,1209.0,2095.0,4309.0,4237.0,3506.0
4.15,2102.0,25.0,15.0,11.0,35.0,42.0,121.0,253.0,506.0,472.0,622.0
4.04,538.0,5.0,2.0,1.0,7.0,14.0,39.0,74.0,179.0,113.0,104.0
4.01,400.0,1.0,4.0,4.0,6.0,19.0,36.0,55.0,98.0,81.0,96.0
4.11,16413.0,55.0,75.0,100.0,262.0,517.0,1133.0,1979.0,3944.0,4015.0,4333.0
4.18,606.0,4.0,4.0,5.0,11.0,14.0,39.0,60.0,130.0,146.0,193.0
4.18,1264.0,11.0,9.0,11.0,19.0,32.0,86.0,108.0,272.0,284.0,432.0
3.93,7810.0,40.0,46.0,61.0,144.0,274.0,639.0,1230.0,2236.0,1790.0,1350.0
4.15,623.0,2.0,3.0,2.0,4.0,23.0,44.0,72.0,130.0,160.0,183.0
4.07,2686.0,12.0,10.0,10.0,35.0,59.0,192.0,377.0,752.0,647.0,592.0
4.08,1508.0,11.0,11.0,7.0,29.0,44.0,84.0,185.0,391.0,350.0,396.0
3.95,6980.0,16.0,39.0,45.0,141.0,240.0,619.0,1063.0,2013.0,1598.0,1206.0
4.05,15493.0,44.0,75.0,109.0,276.0,454.0,1114.0,2074.0,3855.0,4099.0,3393.0
4.11,16425.0,48.0,58.0,94.0,260.0,443.0,1128.0,2082.0,4087.0,4079.0,4146.0
4.01,1549.0,10.0,15.0,12.0,44.0,51.0,117.0,182.0,377.0,403.0,338.0
3.89,9001.0,45.0,54.0,69.0,209.0,346.0,877.0,1429.0,2588.0,1983.0,1401.0
3.93,16505.0,89.0,121.0,143.0,340.0,574.0,1332.0,2502.0,4536.0,3779.0,3089.0
3.92,19802.0,105.0,139.0,192.0,474.0,782.0,1812.0,2966.0,4985.0,4474.0,3873.0
3.97,794.0,9.0,9.0,7.0,6.0,17.0,50.0,109.0,247.0,193.0,147.0
3.93,11712.0,55.0,62.0,93.0,269.0,418.0,1085.0,1824.0,3277.0,2453.0,2176.0
4.1,570.0,1.0,3.0,3.0,10.0,18.0,40.0,78.0,165.0,136.0,116.0
3.99,765.0,5.0,9.0,5.0,23.0,37.0,61.0,115.0,181.0,165.0,164.0
4.17,891.0,3.0,3.0,1.0,11.0,29.0,56.0,101.0,229.0,254.0,204.0
4.22,1091.0,4.0,2.0,6.0,16.0,21.0,71.0,121.0,246.0,247.0,357.0
3.91,8643.0,33.0,49.0,70.0,156.0,319.0,789.0,1401.0,2613.0,1965.0,1248.0
3.96,546.0,4.0,1.0,5.0,5.0,20.0,43.0,89.0,185.0,108.0,86.0
4.11,12240.0,33.0,48.0,48.0,153.0,296.0,736.0,1626.0,3335.0,3159.0,2806.0
4.01,513.0,3.0,0.0,1.0,6.0,11.0,43.0,81.0,194.0,104.0,70.0
4.07,1124.0,2.0,9.0,7.0,23.0,36.0,91.0,156.0,335.0,247.0,218.0
3.97,492.0,2.0,6.0,4.0,11.0,17.0,54.0,64.0,130.0,93.0,111.0
4.09,1495.0,2.0,7.0,12.0,20.0,49.0,109.0,189.0,371.0,347.0,389.0
4.03,4445.0,13.0,18.0,30.0,67.0,99.0,314.0,663.0,1362.0,1219.0,660.0
3.98,477.0,4.0,4.0,1.0,15.0,20.0,40.0,67.0,113.0,103.0,110.0
3.92,18433.0,62.0,126.0,174.0,417.0,770.0,1694.0,2847.0,4945.0,4161.0,3237.0
4.11,287.0,0.0,0.0,1.0,3.0,6.0,20.0,38.0,84.0,74.0,61.0
3.99,456.0,1.0,2.0,4.0,10.0,13.0,29.0,69.0,145.0,115.0,68.0
4.15,788.0,8.0,2.0,4.0,13.0,24.0,60.0,93.0,186.0,170.0,228.0
4.12,821.0,3.0,3.0,2.0,14.0,24.0,52.0,103.0,232.0,203.0,185.0
3.99,358.0,0.0,0.0,1.0,9.0,9.0,29.0,61.0,114.0,79.0,56.0
4.05,332.0,1.0,4.0,0.0,5.0,8.0,23.0,49.0,108.0,81.0,53.0
4.11,394.0,3.0,2.0,4.0,4.0,20.0,23.0,41.0,92.0,95.0,110.0
4.01,2537.0,2.0,7.0,9.0,15.0,46.0,171.0,452.0,916.0,590.0,329.0
4.01,347.0,2.0,4.0,1.0,5.0,14.0,25.0,52.0,107.0,79.0,58.0
3.96,696.0,2.0,3.0,4.0,14.0,24.0,70.0,119.0,216.0,133.0,111.0
4.0,2102.0,8.0,4.0,14.0,31.0,66.0,150.0,266.0,633.0,529.0,401.0
3.92,1020.0,14.0,12.0,14.0,31.0,56.0,76.0,116.0,226.0,203.0,272.0
4.12,832.0,3.0,6.0,5.0,17.0,20.0,58.0,105.0,217.0,205.0,196.0
4.08,284.0,0.0,0.0,1.0,6.0,10.0,26.0,43.0,59.0,83.0,56.0
4.11,1254.0,6.0,7.0,4.0,23.0,36.0,93.0,156.0,317.0,301.0,311.0
4.17,988.0,2.0,3.0,4.0,17.0,29.0,60.0,126.0,264.0,225.0,258.0
4.07,970.0,3.0,8.0,5.0,18.0,42.0,72.0,98.0,243.0,228.0,253.0
4.05,1957.0,25.0,15.0,21.0,41.0,63.0,153.0,224.0,469.0,415.0,531.0
4.03,4110.0,8.0,8.0,24.0,35.0,117.0,333.0,644.0,1206.0,949.0,786.0
3.96,1310.0,15.0,13.0,14.0,32.0,49.0,115.0,171.0,309.0,272.0,320.0
4.1,6605.0,8.0,16.0,31.0,83.0,170.0,493.0,905.0,1766.0,1594.0,1539.0
3.95,390.0,3.0,3.0,5.0,6.0,12.0,41.0,65.0,119.0,81.0,55.0
3.99,6709.0,8.0,16.0,25.0,80.0,183.0,528.0,1119.0,2153.0,1701.0,896.0
4.05,1333.0,1.0,3.0,3.0,19.0,34.0,87.0,194.0,449.0,362.0,181.0
3.93,12280.0,152.0,163.0,159.0,368.0,473.0,950.0,1527.0,2862.0,2691.0,2935.0
4.0,367.0,2.0,2.0,2.0,3.0,8.0,38.0,60.0,134.0,75.0,43.0
3.99,660.0,2.0,2.0,2.0,9.0,16.0,73.0,112.0,214.0,128.0,102.0
4.09,585.0,1.0,2.0,4.0,9.0,13.0,41.0,95.0,171.0,113.0,136.0
4.1,1707.0,1.0,10.0,8.0,29.0,30.0,121.0,228.0,524.0,370.0,386.0
4.12,1167.0,2.0,5.0,6.0,17.0,25.0,80.0,160.0,310.0,295.0,267.0
4.07,1040.0,3.0,8.0,9.0,28.0,29.0,75.0,124.0,281.0,252.0,231.0
4.05,565.0,2.0,3.0,2.0,16.0,17.0,42.0,102.0,138.0,118.0,125.0
3.98,16748.0,57.0,99.0,123.0,338.0,526.0,1322.0,2410.0,4499.0,4178.0,3196.0
4.01,834.0,9.0,6.0,12.0,23.0,27.0,63.0,127.0,184.0,177.0,206.0
3.96,593.0,4.0,9.0,8.0,13.0,30.0,48.0,70.0,157.0,136.0,118.0
4.18,323.0,2.0,1.0,1.0,6.0,7.0,13.0,37.0,91.0,80.0,85.0
4.29,2145.0,21.0,11.0,15.0,37.0,50.0,86.0,157.0,382.0,535.0,851.0
4.03,430.0,2.0,4.0,4.0,6.0,19.0,33.0,63.0,99.0,76.0,124.0
4.19,1446.0,11.0,13.0,9.0,36.0,35.0,95.0,155.0,307.0,291.0,494.0
3.91,492.0,4.0,6.0,8.0,18.0,13.0,38.0,74.0,108.0,106.0,117.0
4.34,1731.0,5.0,7.0,4.0,23.0,29.0,77.0,143.0,373.0,415.0,655.0
3.99,1771.0,2.0,9.0,8.0,29.0,51.0,127.0,282.0,588.0,405.0,270.0
4.03,1708.0,4.0,8.0,4.0,21.0,40.0,110.0,229.0,626.0,434.0,232.0
4.13,923.0,2.0,3.0,2.0,20.0,31.0,63.0,106.0,251.0,225.0,220.0
3.98,441.0,2.0,4.0,2.0,7.0,15.0,35.0,70.0,127.0,101.0,78.0
4.19,1344.0,8.0,11.0,12.0,27.0,41.0,93.0,138.0,236.0,319.0,459.0
3.94,7429.0,30.0,60.0,62.0,167.0,285.0,663.0,1136.0,1971.0,1584.0,1471.0
3.91,18300.0,152.0,179.0,213.0,447.0,647.0,1421.0,2482.0,4389.0,4168.0,4202.0
4.01,595.0,3.0,3.0,7.0,8.0,20.0,48.0,94.0,181.0,107.0,124.0
4.03,304.0,2.0,0.0,1.0,2.0,12.0,25.0,50.0,85.0,74.0,53.0
3.99,794.0,2.0,5.0,4.0,20.0,23.0,68.0,106.0,262.0,164.0,140.0
4.02,778.0,4.0,6.0,7.0,18.0,19.0,67.0,123.0,212.0,160.0,162.0
3.93,12276.0,44.0,73.0,64.0,234.0,435.0,1060.0,2027.0,3726.0,2677.0,1936.0
3.99,720.0,2.0,7.0,1.0,13.0,20.0,62.0,116.0,252.0,132.0,115.0
4.09,320.0,3.0,3.0,1.0,9.0,8.0,19.0,42.0,86.0,83.0,66.0
4.13,1643.0,5.0,5.0,17.0,32.0,51.0,134.0,186.0,383.0,376.0,454.0
4.05,354.0,0.0,1.0,5.0,3.0,6.0,17.0,44.0,142.0,89.0,47.0
4.06,482.0,5.0,2.0,2.0,13.0,18.0,34.0,62.0,113.0,110.0,123.0
3.98,791.0,9.0,5.0,6.0,21.0,30.0,64.0,114.0,178.0,181.0,183.0
4.07,845.0,5.0,7.0,3.0,20.0,37.0,79.0,97.0,215.0,161.0,221.0
4.0,627.0,3.0,3.0,1.0,9.0,22.0,45.0,94.0,187.0,135.0,128.0
4.07,17435.0,50.0,76.0,100.0,250.0,458.0,1219.0,2331.0,4821.0,4467.0,3663.0
4.03,619.0,5.0,6.0,8.0,11.0,18.0,65.0,57.0,164.0,141.0,144.0
4.09,312.0,1.0,2.0,1.0,5.0,12.0,28.0,41.0,74.0,61.0,87.0
4.31,1785.0,4.0,6.0,4.0,21.0,38.0,76.0,153.0,401.0,519.0,563.0
3.98,760.0,7.0,8.0,8.0,28.0,33.0,54.0,93.0,163.0,186.0,180.0
4.02,560.0,3.0,2.0,4.0,6.0,18.0,45.0,81.0,163.0,131.0,107.0
4.09,666.0,2.0,1.0,4.0,10.0,19.0,49.0,86.0,184.0,177.0,134.0
3.94,5673.0,12.0,18.0,15.0,63.0,179.0,535.0,1011.0,1857.0,1244.0,739.0
4.01,401.0,2.0,1.0,2.0,3.0,14.0,38.0,55.0,102.0,88.0,96.0
3.97,1672.0,14.0,10.0,8.0,42.0,57.0,117.0,245.0,476.0,403.0,300.0
3.97,963.0,11.0,10.0,8.0,23.0,41.0,87.0,134.0,228.0,199.0,222.0
4.27,1295.0,6.0,5.0,3.0,14.0,15.0,54.0,102.0,309.0,430.0,357.0
4.16,6394.0,14.0,19.0,19.0,77.0,146.0,370.0,673.0,1608.0,1670.0,1798.0
4.01,885.0,5.0,2.0,9.0,16.0,35.0,74.0,125.0,239.0,207.0,173.0
4.07,376.0,2.0,0.0,0.0,4.0,11.0,28.0,57.0,109.0,98.0,67.0
4.19,385.0,2.0,2.0,2.0,4.0,7.0,25.0,47.0,91.0,90.0,115.0
4.06,836.0,4.0,10.0,5.0,10.0,29.0,55.0,107.0,244.0,181.0,191.0
4.0,814.0,3.0,10.0,6.0,13.0,32.0,54.0,103.0,229.0,224.0,140.0
4.03,709.0,3.0,0.0,5.0,7.0,25.0,72.0,108.0,187.0,159.0,143.0
4.06,697.0,7.0,8.0,6.0,14.0,24.0,53.0,82.0,178.0,152.0,173.0
4.06,702.0,4.0,1.0,4.0,17.0,14.0,52.0,106.0,218.0,155.0,131.0
4.22,15154.0,45.0,39.0,44.0,141.0,268.0,792.0,1560.0,3912.0,4346.0,4007.0
4.02,727.0,6.0,3.0,6.0,17.0,29.0,47.0,99.0,194.0,167.0,159.0
3.94,5384.0,11.0,22.0,41.0,95.0,201.0,478.0,904.0,1527.0,1181.0,924.0
4.05,725.0,5.0,3.0,5.0,14.0,23.0,54.0,84.0,208.0,161.0,168.0
3.93,7167.0,21.0,20.0,42.0,112.0,238.0,703.0,1238.0,2130.0,1534.0,1129.0
3.98,1278.0,14.0,10.0,10.0,30.0,55.0,137.0,174.0,294.0,253.0,301.0
4.24,1160.0,3.0,5.0,3.0,15.0,28.0,80.0,120.0,273.0,242.0,391.0
4.03,1143.0,5.0,11.0,9.0,16.0,28.0,88.0,156.0,314.0,275.0,241.0
4.0,631.0,10.0,4.0,11.0,18.0,25.0,42.0,73.0,142.0,131.0,175.0
3.96,759.0,5.0,8.0,5.0,20.0,22.0,68.0,115.0,222.0,150.0,144.0
4.08,1068.0,11.0,10.0,6.0,18.0,28.0,65.0,114.0,244.0,308.0,264.0
4.0,18890.0,70.0,121.0,152.0,369.0,706.0,1484.0,2606.0,4683.0,4608.0,4091.0
3.9,15120.0,60.0,79.0,115.0,322.0,556.0,1384.0,2622.0,4619.0,3488.0,1875.0
3.95,11650.0,22.0,39.0,70.0,188.0,371.0,991.0,2050.0,3551.0,2653.0,1715.0
3.99,1106.0,3.0,6.0,2.0,16.0,41.0,103.0,188.0,291.0,229.0,227.0
3.98,3285.0,5.0,11.0,22.0,55.0,88.0,274.0,512.0,1024.0,770.0,524.0
4.02,1254.0,2.0,4.0,7.0,20.0,35.0,107.0,177.0,383.0,284.0,235.0
3.9,7152.0,23.0,37.0,62.0,158.0,300.0,675.0,1273.0,1888.0,1450.0,1286.0
4.26,1190.0,3.0,6.0,8.0,14.0,25.0,75.0,111.0,250.0,295.0,403.0
4.01,20574.0,82.0,122.0,184.0,413.0,704.0,1462.0,2646.0,5280.0,4937.0,4744.0
4.04,915.0,5.0,7.0,5.0,21.0,30.0,79.0,109.0,251.0,219.0,189.0
4.05,851.0,2.0,8.0,4.0,15.0,19.0,63.0,121.0,250.0,193.0,176.0
4.01,813.0,3.0,1.0,4.0,17.0,27.0,66.0,120.0,233.0,181.0,161.0
3.95,1591.0,8.0,15.0,31.0,35.0,56.0,141.0,183.0,428.0,335.0,359.0
4.16,33139.0,135.0,138.0,167.0,425.0,825.0,2015.0,3616.0,7446.0,8375.0,9997.0
3.99,18004.0,70.0,113.0,131.0,381.0,637.0,1534.0,2545.0,4412.0,4059.0,4122.0
4.01,830.0,3.0,16.0,11.0,21.0,21.0,70.0,102.0,214.0,178.0,194.0
4.07,461.0,4.0,2.0,2.0,8.0,19.0,33.0,52.0,126.0,94.0,121.0
4.01,528.0,1.0,4.0,2.0,10.0,14.0,52.0,82.0,161.0,109.0,93.0
4.01,488.0,3.0,1.0,4.0,9.0,16.0,41.0,72.0,153.0,118.0,71.0
4.06,944.0,6.0,7.0,9.0,21.0,32.0,60.0,114.0,232.0,188.0,275.0
3.93,13251.0,63.0,122.0,114.0,308.0,497.0,1160.0,2021.0,3445.0,2891.0,2630.0
3.98,707.0,8.0,8.0,5.0,13.0,31.0,59.0,102.0,173.0,162.0,146.0
4.16,1782.0,13.0,8.0,4.0,27.0,53.0,105.0,195.0,437.0,477.0,463.0
4.08,409.0,1.0,1.0,1.0,7.0,7.0,29.0,68.0,120.0,91.0,84.0
4.04,852.0,2.0,7.0,4.0,16.0,29.0,64.0,117.0,239.0,182.0,192.0
4.08,859.0,7.0,11.0,10.0,20.0,22.0,55.0,117.0,198.0,191.0,228.0
4.13,1227.0,2.0,1.0,3.0,22.0,31.0,74.0,161.0,339.0,305.0,289.0
3.94,1097.0,8.0,9.0,10.0,31.0,44.0,107.0,166.0,263.0,213.0,246.0
4.11,4781.0,13.0,15.0,19.0,35.0,96.0,302.0,664.0,1390.0,1256.0,991.0
3.96,392.0,4.0,7.0,7.0,6.0,7.0,37.0,59.0,106.0,83.0,76.0
4.02,1044.0,8.0,10.0,8.0,19.0,30.0,74.0,133.0,329.0,239.0,194.0
3.96,7753.0,13.0,27.0,42.0,93.0,227.0,661.0,1292.0,2592.0,1651.0,1155.0
3.92,7108.0,17.0,37.0,49.0,140.0,279.0,641.0,1239.0,2077.0,1550.0,1079.0
3.98,14623.0,60.0,100.0,125.0,304.0,447.0,1132.0,2097.0,3888.0,3452.0,3018.0
3.96,12358.0,59.0,80.0,95.0,225.0,408.0,990.0,1797.0,3650.0,3122.0,1932.0
4.17,20632.0,112.0,113.0,103.0,307.0,517.0,1199.0,2044.0,4455.0,5046.0,6736.0
4.32,478.0,3.0,1.0,0.0,7.0,13.0,37.0,37.0,81.0,112.0,187.0
4.01,10979.0,38.0,71.0,82.0,241.0,371.0,892.0,1466.0,2789.0,2547.0,2482.0
4.01,661.0,4.0,4.0,7.0,11.0,28.0,54.0,92.0,193.0,144.0,124.0
4.04,792.0,4.0,6.0,6.0,14.0,21.0,68.0,116.0,235.0,174.0,148.0
3.94,624.0,5.0,11.0,6.0,23.0,22.0,48.0,90.0,142.0,136.0,141.0
4.16,1441.0,8.0,4.0,4.0,22.0,31.0,83.0,173.0,417.0,355.0,344.0
4.24,993.0,6.0,3.0,4.0,11.0,30.0,53.0,110.0,188.0,277.0,311.0
4.19,1856.0,13.0,10.0,11.0,27.0,56.0,116.0,170.0,362.0,478.0,613.0
4.02,5222.0,9.0,13.0,17.0,42.0,86.0,360.0,856.0,1901.0,1277.0,661.0
4.02,400.0,0.0,4.0,3.0,6.0,13.0,26.0,53.0,142.0,113.0,40.0
4.03,618.0,2.0,5.0,1.0,14.0,16.0,55.0,101.0,170.0,137.0,117.0
4.11,620.0,2.0,4.0,8.0,11.0,11.0,43.0,73.0,161.0,170.0,137.0
4.11,549.0,1.0,1.0,3.0,16.0,23.0,38.0,84.0,102.0,129.0,152.0
4.05,1765.0,13.0,11.0,12.0,41.0,47.0,127.0,218.0,415.0,456.0,425.0
4.21,1707.0,8.0,9.0,4.0,31.0,40.0,98.0,202.0,417.0,412.0,486.0
4.07,442.0,1.0,2.0,3.0,6.0,21.0,23.0,76.0,122.0,98.0,90.0
4.24,3092.0,35.0,38.0,43.0,48.0,76.0,156.0,248.0,492.0,625.0,1331.0
4.0,505.0,0.0,3.0,2.0,7.0,10.0,33.0,78.0,162.0,112.0,98.0
4.1,553.0,5.0,2.0,3.0,9.0,17.0,28.0,69.0,163.0,138.0,119.0
4.13,1272.0,8.0,7.0,4.0,9.0,35.0,85.0,164.0,338.0,325.0,297.0
4.2,32912.0,81.0,86.0,141.0,329.0,656.0,1733.0,3687.0,8526.0,8941.0,8732.0
4.02,325.0,1.0,1.0,3.0,2.0,15.0,12.0,50.0,113.0,79.0,49.0
4.04,601.0,4.0,6.0,5.0,13.0,26.0,38.0,70.0,138.0,154.0,147.0
3.91,6591.0,36.0,61.0,51.0,159.0,276.0,621.0,933.0,1813.0,1484.0,1157.0
4.01,1989.0,15.0,15.0,22.0,47.0,73.0,144.0,250.0,458.0,490.0,475.0
4.09,1113.0,7.0,4.0,2.0,31.0,36.0,95.0,144.0,276.0,231.0,287.0
3.8,34736.0,202.0,167.0,239.0,672.0,1238.0,3638.0,7326.0,11194.0,6860.0,3200.0
4.05,31025.0,145.0,124.0,157.0,464.0,901.0,2200.0,4129.0,8041.0,7747.0,7117.0
4.01,346.0,1.0,2.0,3.0,5.0,4.0,20.0,47.0,117.0,85.0,62.0
4.11,2167.0,23.0,15.0,20.0,34.0,61.0,117.0,245.0,534.0,535.0,583.0
4.05,24761.0,134.0,158.0,174.0,428.0,666.0,1795.0,3007.0,6447.0,6569.0,5383.0
3.98,867.0,3.0,6.0,4.0,26.0,31.0,62.0,118.0,266.0,201.0,150.0
4.13,33138.0,108.0,152.0,198.0,462.0,869.0,2122.0,3850.0,7931.0,8572.0,8874.0
4.13,1401.0,8.0,6.0,7.0,20.0,41.0,104.0,154.0,325.0,318.0,418.0
3.94,9553.0,36.0,54.0,89.0,213.0,328.0,809.0,1483.0,2720.0,2083.0,1738.0
4.15,1179.0,5.0,7.0,10.0,22.0,30.0,88.0,144.0,287.0,282.0,304.0
4.15,1184.0,8.0,4.0,9.0,24.0,33.0,78.0,142.0,249.0,274.0,363.0
3.95,607.0,7.0,6.0,10.0,16.0,24.0,50.0,73.0,126.0,144.0,151.0
4.11,347.0,2.0,0.0,0.0,4.0,10.0,24.0,44.0,102.0,89.0,72.0
4.11,1438.0,5.0,5.0,17.0,25.0,35.0,81.0,163.0,341.0,392.0,374.0
4.22,21173.0,46.0,84.0,89.0,248.0,417.0,1128.0,2142.0,4953.0,6157.0,5909.0
4.1,26726.0,113.0,119.0,179.0,444.0,671.0,1825.0,3154.0,6675.0,6547.0,6999.0
3.96,12771.0,24.0,53.0,64.0,201.0,389.0,1009.0,2065.0,4119.0,3048.0,1799.0
4.09,997.0,6.0,5.0,7.0,18.0,31.0,78.0,116.0,254.0,238.0,244.0
3.95,1100.0,4.0,13.0,12.0,29.0,35.0,108.0,149.0,279.0,222.0,249.0
3.88,25509.0,129.0,125.0,172.0,476.0,837.0,2201.0,4295.0,8761.0,6172.0,2341.0
3.99,8171.0,24.0,32.0,60.0,147.0,270.0,674.0,1236.0,2310.0,1875.0,1543.0
4.06,626.0,7.0,6.0,6.0,6.0,24.0,50.0,78.0,148.0,138.0,163.0
4.0,409.0,2.0,3.0,2.0,6.0,13.0,36.0,71.0,130.0,77.0,69.0
4.0,505.0,1.0,3.0,5.0,14.0,19.0,34.0,66.0,131.0,125.0,107.0
4.04,514.0,0.0,0.0,0.0,3.0,10.0,24.0,86.0,207.0,124.0,60.0
4.18,1702.0,11.0,7.0,10.0,25.0,37.0,87.0,207.0,449.0,409.0,460.0
3.96,14317.0,46.0,41.0,78.0,208.0,402.0,1096.0,2200.0,4537.0,4211.0,1498.0
4.0,899.0,6.0,4.0,5.0,14.0,30.0,88.0,126.0,257.0,225.0,144.0
4.03,262.0,3.0,1.0,2.0,2.0,9.0,18.0,44.0,75.0,63.0,45.0
4.02,13240.0,37.0,60.0,71.0,258.0,445.0,1106.0,1823.0,3515.0,2954.0,2971.0
3.96,12134.0,13.0,34.0,54.0,156.0,360.0,1036.0,2202.0,3768.0,2856.0,1655.0
3.99,698.0,5.0,5.0,6.0,18.0,34.0,53.0,96.0,189.0,136.0,156.0
4.27,3256.0,11.0,10.0,10.0,27.0,42.0,150.0,287.0,763.0,850.0,1106.0
4.02,530.0,2.0,3.0,4.0,8.0,13.0,44.0,86.0,171.0,114.0,85.0
4.06,739.0,8.0,3.0,5.0,14.0,17.0,57.0,98.0,218.0,167.0,152.0
4.09,304.0,1.0,2.0,1.0,5.0,11.0,19.0,43.0,77.0,62.0,83.0
4.1,1022.0,7.0,8.0,4.0,22.0,36.0,60.0,124.0,227.0,235.0,299.0
4.0,790.0,4.0,4.0,2.0,27.0,32.0,63.0,104.0,190.0,184.0,180.0
4.05,447.0,3.0,2.0,3.0,4.0,9.0,30.0,39.0,163.0,120.0,74.0
4.23,1100.0,4.0,2.0,7.0,21.0,27.0,59.0,119.0,251.0,256.0,354.0
3.94,919.0,16.0,13.0,14.0,28.0,31.0,85.0,121.0,228.0,171.0,212.0
4.24,43305.0,244.0,215.0,264.0,607.0,1003.0,2286.0,3941.0,8429.0,10123.0,16193.0
3.96,574.0,3.0,2.0,3.0,6.0,11.0,49.0,103.0,199.0,104.0,94.0
4.02,15544.0,17.0,45.0,44.0,144.0,291.0,1032.0,2339.0,5501.0,4362.0,1769.0
4.15,15745.0,40.0,56.0,60.0,200.0,305.0,932.0,1889.0,4215.0,4420.0,3628.0
4.07,999.0,3.0,2.0,4.0,16.0,29.0,59.0,138.0,289.0,263.0,196.0
3.97,602.0,4.0,6.0,3.0,16.0,23.0,48.0,82.0,153.0,132.0,135.0
4.03,280.0,1.0,3.0,2.0,5.0,7.0,23.0,39.0,84.0,45.0,71.0
4.33,1349.0,9.0,6.0,9.0,20.0,25.0,67.0,124.0,242.0,288.0,559.0
3.99,620.0,4.0,8.0,2.0,17.0,23.0,63.0,69.0,141.0,130.0,163.0
4.06,587.0,2.0,4.0,0.0,17.0,16.0,34.0,92.0,177.0,134.0,111.0
4.0,1603.0,3.0,4.0,7.0,12.0,39.0,136.0,244.0,495.0,346.0,317.0
3.97,1226.0,2.0,5.0,7.0,17.0,34.0,108.0,197.0,382.0,300.0,174.0
4.03,6585.0,4.0,21.0,24.0,65.0,151.0,465.0,1058.0,2193.0,1677.0,927.0
3.99,1124.0,5.0,12.0,16.0,31.0,46.0,99.0,148.0,305.0,231.0,231.0
3.93,9550.0,29.0,53.0,87.0,231.0,393.0,837.0,1449.0,2734.0,2172.0,1565.0
4.04,478.0,2.0,2.0,1.0,9.0,15.0,42.0,65.0,151.0,95.0,96.0
4.07,1157.0,3.0,8.0,6.0,22.0,53.0,106.0,134.0,280.0,250.0,295.0
4.13,249.0,1.0,0.0,1.0,2.0,6.0,14.0,34.0,75.0,54.0,62.0
3.95,990.0,12.0,6.0,10.0,22.0,39.0,78.0,134.0,257.0,249.0,183.0
4.0,811.0,4.0,5.0,3.0,21.0,32.0,66.0,110.0,228.0,163.0,179.0
4.04,817.0,3.0,3.0,5.0,16.0,16.0,73.0,116.0,258.0,174.0,153.0
4.1,28506.0,114.0,159.0,185.0,449.0,740.0,1860.0,3302.0,7017.0,7472.0,7208.0
4.19,595.0,5.0,2.0,0.0,4.0,18.0,24.0,55.0,173.0,178.0,136.0
4.02,771.0,4.0,7.0,3.0,10.0,35.0,55.0,112.0,223.0,146.0,176.0
4.07,630.0,3.0,2.0,7.0,15.0,15.0,40.0,83.0,180.0,156.0,129.0
3.99,576.0,2.0,3.0,4.0,12.0,15.0,39.0,94.0,172.0,137.0,98.0
4.26,435.0,1.0,1.0,1.0,3.0,5.0,25.0,41.0,121.0,122.0,115.0
4.06,880.0,10.0,9.0,7.0,19.0,33.0,71.0,110.0,210.0,189.0,222.0
4.27,721.0,4.0,2.0,4.0,3.0,17.0,32.0,67.0,150.0,209.0,233.0
3.94,846.0,3.0,6.0,9.0,17.0,38.0,90.0,114.0,228.0,160.0,181.0
4.11,1720.0,10.0,11.0,10.0,40.0,55.0,145.0,218.0,334.0,385.0,512.0
3.99,749.0,3.0,8.0,6.0,15.0,29.0,65.0,101.0,189.0,165.0,168.0
4.12,1251.0,7.0,8.0,10.0,26.0,30.0,81.0,171.0,307.0,294.0,317.0
3.92,645.0,5.0,6.0,3.0,19.0,29.0,55.0,109.0,169.0,131.0,119.0
4.12,856.0,12.0,10.0,9.0,21.0,30.0,53.0,82.0,189.0,182.0,268.0
3.91,7734.0,50.0,39.0,60.0,131.0,266.0,689.0,1265.0,2309.0,1747.0,1178.0
3.98,6272.0,23.0,45.0,62.0,123.0,201.0,496.0,857.0,1808.0,1575.0,1082.0
4.12,2401.0,6.0,9.0,9.0,23.0,53.0,148.0,280.0,700.0,626.0,547.0
4.09,461.0,5.0,5.0,4.0,9.0,19.0,39.0,66.0,109.0,90.0,115.0
4.11,660.0,1.0,6.0,1.0,12.0,21.0,42.0,94.0,182.0,141.0,160.0
3.94,6413.0,12.0,32.0,39.0,113.0,184.0,558.0,1101.0,2066.0,1387.0,921.0
4.03,777.0,8.0,5.0,6.0,12.0,32.0,56.0,117.0,209.0,156.0,176.0
3.94,348.0,1.0,3.0,3.0,13.0,14.0,27.0,55.0,80.0,69.0,83.0
3.97,23404.0,70.0,98.0,147.0,412.0,723.0,1861.0,3663.0,6760.0,5550.0,4120.0
4.02,1872.0,6.0,3.0,12.0,27.0,55.0,160.0,286.0,592.0,413.0,318.0
4.16,1485.0,16.0,8.0,10.0,24.0,34.0,91.0,127.0,358.0,366.0,451.0
4.04,451.0,3.0,6.0,2.0,12.0,16.0,30.0,62.0,94.0,91.0,135.0
4.11,465.0,2.0,1.0,3.0,9.0,13.0,31.0,64.0,126.0,94.0,122.0
4.03,1071.0,10.0,8.0,9.0,31.0,38.0,84.0,136.0,268.0,213.0,274.0
3.95,551.0,5.0,5.0,2.0,13.0,14.0,33.0,87.0,202.0,115.0,75.0
4.15,301.0,1.0,1.0,2.0,4.0,1.0,12.0,35.0,93.0,95.0,57.0
4.0,954.0,6.0,5.0,14.0,13.0,27.0,62.0,157.0,263.0,197.0,210.0
4.04,2246.0,8.0,7.0,8.0,25.0,44.0,150.0,314.0,746.0,591.0,353.0
3.98,12680.0,82.0,78.0,132.0,286.0,435.0,1128.0,1766.0,2918.0,2596.0,3259.0
4.24,885.0,1.0,5.0,2.0,15.0,21.0,47.0,87.0,212.0,240.0,255.0
4.05,1187.0,10.0,14.0,19.0,28.0,44.0,88.0,115.0,223.0,271.0,375.0
4.01,868.0,3.0,5.0,3.0,13.0,23.0,74.0,135.0,248.0,201.0,163.0
4.01,368.0,1.0,2.0,3.0,6.0,11.0,27.0,51.0,122.0,95.0,50.0
4.16,925.0,3.0,3.0,4.0,18.0,39.0,68.0,113.0,224.0,220.0,233.0
3.93,5945.0,22.0,49.0,55.0,160.0,276.0,529.0,810.0,1472.0,1259.0,1313.0
3.92,6238.0,48.0,55.0,63.0,138.0,235.0,555.0,962.0,1628.0,1370.0,1184.0
3.99,584.0,3.0,3.0,8.0,10.0,18.0,48.0,90.0,191.0,117.0,96.0
4.0,623.0,2.0,4.0,6.0,11.0,28.0,49.0,96.0,170.0,124.0,133.0
4.05,2327.0,8.0,8.0,10.0,27.0,45.0,190.0,345.0,703.0,538.0,453.0
3.93,5676.0,10.0,23.0,29.0,80.0,191.0,500.0,991.0,1891.0,1180.0,781.0
4.17,594.0,2.0,5.0,2.0,10.0,20.0,44.0,66.0,131.0,134.0,180.0
4.08,6603.0,6.0,16.0,24.0,74.0,127.0,406.0,1002.0,2149.0,1739.0,1060.0
3.9,14693.0,47.0,102.0,129.0,325.0,590.0,1340.0,2261.0,4033.0,3497.0,2369.0
4.09,13921.0,49.0,49.0,48.0,157.0,278.0,837.0,1823.0,4185.0,3836.0,2659.0
4.08,1092.0,5.0,4.0,6.0,21.0,39.0,90.0,159.0,281.0,205.0,282.0
3.96,19955.0,70.0,116.0,134.0,392.0,678.0,1655.0,3063.0,5694.0,4664.0,3489.0
3.95,796.0,5.0,9.0,5.0,21.0,22.0,67.0,124.0,225.0,168.0,150.0
4.23,1165.0,5.0,3.0,4.0,18.0,37.0,69.0,144.0,258.0,214.0,413.0
4.03,2189.0,13.0,12.0,13.0,34.0,66.0,191.0,317.0,587.0,532.0,424.0
3.91,8483.0,53.0,56.0,70.0,192.0,340.0,759.0,1254.0,2319.0,2043.0,1397.0
3.97,2183.0,16.0,11.0,15.0,46.0,74.0,234.0,305.0,570.0,414.0,498.0
4.07,3787.0,8.0,8.0,9.0,31.0,63.0,240.0,520.0,1280.0,974.0,654.0
3.97,347.0,0.0,3.0,2.0,5.0,12.0,35.0,52.0,108.0,71.0,59.0
4.1,20186.0,51.0,60.0,96.0,224.0,472.0,1373.0,2660.0,5541.0,5592.0,4117.0
3.98,1100.0,11.0,15.0,11.0,29.0,41.0,82.0,143.0,256.0,264.0,248.0
4.09,267.0,2.0,0.0,1.0,5.0,7.0,20.0,34.0,76.0,77.0,45.0
3.99,398.0,3.0,2.0,1.0,2.0,19.0,35.0,60.0,125.0,87.0,64.0
3.94,14239.0,156.0,158.0,191.0,425.0,593.0,1055.0,1609.0,3114.0,3276.0,3662.0
4.11,930.0,2.0,4.0,4.0,10.0,25.0,59.0,127.0,273.0,237.0,189.0
4.1,18895.0,48.0,61.0,81.0,197.0,439.0,1250.0,2688.0,5112.0,5033.0,3986.0
4.18,391.0,2.0,0.0,2.0,5.0,7.0,25.0,32.0,102.0,124.0,92.0
3.96,1388.0,13.0,14.0,12.0,36.0,48.0,109.0,190.0,373.0,292.0,301.0
3.96,528.0,3.0,8.0,6.0,20.0,17.0,45.0,71.0,140.0,134.0,84.0
4.06,1574.0,4.0,8.0,5.0,12.0,25.0,105.0,238.0,535.0,441.0,201.0
3.96,319.0,2.0,3.0,2.0,12.0,12.0,29.0,27.0,88.0,79.0,65.0
3.9,17322.0,121.0,171.0,220.0,504.0,663.0,1545.0,2488.0,4678.0,4077.0,2855.0
3.98,344.0,1.0,2.0,2.0,5.0,10.0,27.0,50.0,109.0,74.0,64.0
3.98,342.0,1.0,1.0,1.0,9.0,6.0,30.0,60.0,98.0,81.0,55.0
4.0,567.0,2.0,3.0,4.0,14.0,20.0,47.0,90.0,165.0,119.0,103.0
3.93,1504.0,11.0,18.0,9.0,38.0,62.0,157.0,216.0,374.0,345.0,274.0
4.12,333.0,1.0,1.0,1.0,5.0,11.0,27.0,40.0,99.0,71.0,77.0
4.13,1169.0,4.0,6.0,7.0,23.0,25.0,78.0,142.0,321.0,258.0,305.0
4.1,817.0,2.0,4.0,1.0,6.0,17.0,51.0,103.0,211.0,229.0,193.0
3.97,3521.0,15.0,8.0,15.0,42.0,108.0,321.0,616.0,1076.0,779.0,541.0
3.97,19796.0,87.0,122.0,160.0,431.0,674.0,1643.0,2767.0,5020.0,4591.0,4301.0
4.0,9259.0,25.0,54.0,70.0,168.0,279.0,718.0,1288.0,2665.0,2347.0,1645.0
4.0,487.0,3.0,4.0,2.0,5.0,23.0,23.0,61.0,160.0,123.0,83.0
3.91,8554.0,23.0,27.0,35.0,123.0,264.0,721.0,1600.0,2918.0,1979.0,864.0
4.29,1253.0,13.0,6.0,6.0,18.0,28.0,64.0,101.0,232.0,272.0,513.0
3.98,834.0,3.0,3.0,7.0,17.0,33.0,58.0,143.0,242.0,158.0,170.0
4.0,11538.0,42.0,52.0,77.0,155.0,298.0,852.0,1682.0,3652.0,2878.0,1850.0
3.94,1727.0,9.0,10.0,14.0,30.0,62.0,138.0,315.0,536.0,360.0,253.0
3.96,15748.0,48.0,80.0,118.0,307.0,525.0,1274.0,2346.0,4456.0,3871.0,2723.0
4.07,1195.0,0.0,4.0,7.0,21.0,35.0,92.0,155.0,349.0,266.0,266.0
4.04,3170.0,9.0,13.0,6.0,34.0,69.0,238.0,489.0,990.0,706.0,616.0
3.94,732.0,10.0,9.0,8.0,18.0,35.0,53.0,82.0,205.0,157.0,155.0
3.96,6557.0,12.0,19.0,26.0,69.0,153.0,489.0,1158.0,2304.0,1737.0,590.0
3.98,14640.0,147.0,148.0,181.0,373.0,583.0,1091.0,1769.0,3399.0,3251.0,3698.0
4.1,2112.0,15.0,19.0,17.0,54.0,91.0,146.0,194.0,401.0,441.0,734.0
4.0,736.0,9.0,4.0,5.0,25.0,26.0,67.0,88.0,165.0,141.0,206.0
4.04,870.0,2.0,4.0,7.0,14.0,23.0,61.0,137.0,245.0,253.0,124.0
4.0,321.0,0.0,1.0,1.0,6.0,13.0,32.0,51.0,81.0,75.0,61.0
4.07,867.0,5.0,5.0,7.0,18.0,26.0,59.0,123.0,226.0,167.0,231.0
4.17,1076.0,3.0,1.0,9.0,17.0,18.0,79.0,143.0,260.0,257.0,289.0
4.0,401.0,3.0,2.0,5.0,10.0,17.0,27.0,61.0,130.0,78.0,68.0
4.01,839.0,6.0,6.0,6.0,14.0,41.0,60.0,116.0,215.0,169.0,206.0
3.97,29872.0,145.0,161.0,194.0,542.0,947.0,2512.0,4750.0,8173.0,6873.0,5575.0
4.2,1431.0,5.0,9.0,3.0,18.0,23.0,99.0,172.0,343.0,348.0,411.0
4.01,1163.0,6.0,5.0,9.0,18.0,41.0,65.0,179.0,338.0,278.0,224.0
3.93,963.0,18.0,8.0,12.0,23.0,42.0,72.0,141.0,254.0,184.0,209.0
3.98,27086.0,115.0,146.0,189.0,491.0,785.0,2143.0,4054.0,7717.0,6277.0,5169.0
4.17,1948.0,11.0,4.0,4.0,14.0,28.0,114.0,200.0,536.0,614.0,423.0
4.0,957.0,5.0,4.0,8.0,18.0,27.0,98.0,113.0,306.0,206.0,172.0
4.08,779.0,5.0,9.0,4.0,23.0,30.0,62.0,75.0,182.0,172.0,217.0
3.94,923.0,11.0,16.0,13.0,27.0,43.0,88.0,129.0,214.0,150.0,232.0
3.9,9237.0,61.0,65.0,81.0,224.0,373.0,805.0,1318.0,2484.0,2153.0,1673.0
4.09,1011.0,7.0,8.0,5.0,18.0,28.0,72.0,131.0,272.0,237.0,233.0
4.25,710.0,7.0,2.0,2.0,5.0,12.0,33.0,60.0,175.0,229.0,185.0
4.08,11813.0,28.0,34.0,58.0,187.0,355.0,906.0,1607.0,2914.0,2858.0,2866.0
3.94,663.0,6.0,7.0,3.0,10.0,20.0,63.0,110.0,201.0,135.0,108.0
3.92,5507.0,13.0,27.0,40.0,104.0,198.0,464.0,956.0,1745.0,1298.0,662.0
3.98,663.0,2.0,2.0,5.0,13.0,21.0,48.0,101.0,200.0,185.0,86.0
3.93,7182.0,12.0,31.0,37.0,123.0,256.0,633.0,1250.0,2160.0,1602.0,1078.0
3.99,502.0,1.0,6.0,4.0,8.0,18.0,40.0,74.0,138.0,120.0,93.0
4.05,723.0,5.0,4.0,6.0,13.0,20.0,55.0,119.0,181.0,145.0,175.0
4.08,662.0,5.0,3.0,6.0,15.0,18.0,59.0,93.0,170.0,138.0,155.0
4.09,19381.0,67.0,70.0,88.0,295.0,532.0,1324.0,2418.0,4951.0,5218.0,4418.0
4.08,1063.0,1.0,2.0,6.0,13.0,12.0,69.0,154.0,336.0,296.0,174.0
4.02,5933.0,12.0,21.0,27.0,89.0,155.0,470.0,869.0,1883.0,1466.0,941.0
3.93,1512.0,46.0,34.0,25.0,45.0,61.0,125.0,147.0,269.0,278.0,482.0
4.21,785.0,4.0,5.0,1.0,9.0,23.0,60.0,86.0,175.0,211.0,211.0
4.07,21557.0,93.0,88.0,111.0,298.0,475.0,1270.0,2693.0,6078.0,6974.0,3477.0
3.99,400.0,3.0,0.0,3.0,8.0,25.0,32.0,44.0,103.0,108.0,74.0
4.02,420.0,2.0,3.0,0.0,10.0,14.0,33.0,57.0,109.0,95.0,97.0
3.95,651.0,6.0,4.0,4.0,20.0,31.0,71.0,86.0,161.0,142.0,126.0
4.02,439.0,2.0,3.0,2.0,11.0,14.0,45.0,58.0,136.0,92.0,76.0
4.45,716.0,6.0,5.0,3.0,8.0,14.0,34.0,37.0,82.0,125.0,402.0
4.02,16936.0,37.0,59.0,79.0,266.0,483.0,1375.0,2604.0,4717.0,3963.0,3353.0
4.01,16739.0,137.0,140.0,137.0,392.0,621.0,1216.0,2061.0,3722.0,3697.0,4616.0
3.99,7271.0,27.0,34.0,42.0,80.0,169.0,532.0,1141.0,2399.0,1802.0,1045.0
4.26,3921.0,30.0,28.0,26.0,56.0,93.0,219.0,346.0,753.0,920.0,1450.0
4.07,909.0,3.0,4.0,6.0,20.0,38.0,69.0,119.0,216.0,199.0,235.0
4.06,750.0,5.0,9.0,4.0,20.0,28.0,61.0,83.0,170.0,150.0,220.0
4.01,568.0,2.0,2.0,4.0,11.0,18.0,49.0,95.0,181.0,103.0,103.0
4.22,1553.0,11.0,7.0,13.0,22.0,51.0,87.0,159.0,338.0,321.0,544.0
4.12,519.0,4.0,1.0,7.0,8.0,23.0,33.0,54.0,113.0,116.0,160.0
4.1,828.0,6.0,10.0,7.0,14.0,18.0,56.0,107.0,183.0,168.0,259.0
4.04,510.0,2.0,11.0,5.0,16.0,24.0,49.0,56.0,91.0,98.0,158.0
4.16,16588.0,37.0,44.0,60.0,169.0,312.0,960.0,2028.0,4434.0,4740.0,3804.0
4.02,11279.0,36.0,34.0,61.0,164.0,325.0,889.0,1643.0,3229.0,3021.0,1877.0
3.97,685.0,8.0,11.0,2.0,25.0,22.0,52.0,103.0,170.0,138.0,154.0
3.93,6528.0,10.0,22.0,27.0,102.0,215.0,612.0,1153.0,2010.0,1598.0,779.0
4.06,25803.0,136.0,162.0,213.0,428.0,732.0,1680.0,3107.0,6455.0,6836.0,6054.0
4.03,543.0,3.0,0.0,4.0,11.0,25.0,51.0,68.0,160.0,113.0,108.0
4.11,12224.0,24.0,33.0,42.0,124.0,214.0,704.0,1603.0,3808.0,3398.0,2274.0
3.93,6925.0,24.0,24.0,49.0,107.0,230.0,640.0,1180.0,2170.0,1650.0,851.0
4.05,502.0,1.0,1.0,3.0,12.0,22.0,31.0,59.0,140.0,128.0,105.0
4.26,1945.0,6.0,8.0,7.0,18.0,48.0,97.0,183.0,417.0,474.0,687.0
4.06,294.0,0.0,0.0,1.0,1.0,8.0,13.0,36.0,129.0,75.0,31.0
4.03,518.0,2.0,1.0,2.0,14.0,10.0,52.0,87.0,139.0,114.0,97.0
4.16,31123.0,201.0,190.0,226.0,556.0,818.0,1828.0,3053.0,6699.0,8024.0,9528.0
4.17,2114.0,23.0,22.0,10.0,33.0,58.0,123.0,206.0,398.0,491.0,750.0
3.97,792.0,10.0,2.0,3.0,18.0,38.0,88.0,130.0,203.0,151.0,149.0
4.09,14619.0,34.0,47.0,67.0,217.0,415.0,1125.0,1944.0,3650.0,3613.0,3507.0
4.01,867.0,1.0,6.0,3.0,23.0,29.0,74.0,118.0,232.0,189.0,192.0
4.03,1252.0,6.0,11.0,11.0,35.0,45.0,102.0,157.0,291.0,277.0,317.0
4.04,815.0,4.0,2.0,5.0,11.0,29.0,68.0,133.0,232.0,191.0,140.0
4.19,1278.0,6.0,5.0,12.0,20.0,43.0,75.0,137.0,260.0,330.0,390.0
4.03,3664.0,12.0,21.0,16.0,65.0,129.0,264.0,489.0,991.0,823.0,854.0
3.91,1568.0,17.0,29.0,23.0,41.0,67.0,145.0,194.0,391.0,298.0,363.0
3.81,34182.0,295.0,430.0,494.0,1117.0,1620.0,3241.0,5050.0,8208.0,6592.0,7135.0
4.14,19679.0,99.0,107.0,129.0,328.0,527.0,1271.0,2177.0,4382.0,4804.0,5855.0
4.0,922.0,3.0,4.0,4.0,14.0,32.0,45.0,143.0,283.0,261.0,133.0
3.99,808.0,1.0,4.0,4.0,13.0,31.0,74.0,124.0,233.0,177.0,147.0
3.99,471.0,1.0,3.0,3.0,10.0,15.0,40.0,73.0,132.0,92.0,102.0
4.29,1628.0,3.0,5.0,12.0,21.0,36.0,75.0,163.0,319.0,388.0,606.0
4.0,568.0,1.0,7.0,1.0,8.0,28.0,37.0,78.0,173.0,155.0,80.0
4.04,303.0,0.0,2.0,2.0,6.0,5.0,21.0,46.0,106.0,74.0,41.0
4.03,14377.0,42.0,54.0,66.0,221.0,373.0,1081.0,2068.0,4143.0,3565.0,2764.0
4.11,20926.0,60.0,63.0,77.0,220.0,462.0,1241.0,2634.0,5929.0,5801.0,4439.0
4.19,1940.0,23.0,10.0,11.0,38.0,56.0,91.0,164.0,380.0,461.0,706.0
4.02,1101.0,25.0,5.0,10.0,29.0,34.0,77.0,101.0,242.0,245.0,333.0
3.96,1245.0,6.0,4.0,6.0,9.0,35.0,96.0,227.0,418.0,295.0,149.0
4.18,3353.0,16.0,17.0,10.0,30.0,50.0,167.0,325.0,845.0,1014.0,879.0
3.96,1284.0,4.0,6.0,6.0,19.0,38.0,100.0,226.0,366.0,277.0,242.0
3.97,9933.0,36.0,49.0,74.0,206.0,309.0,832.0,1506.0,2783.0,2400.0,1738.0
4.14,2499.0,9.0,7.0,11.0,24.0,50.0,187.0,316.0,621.0,598.0,676.0
3.95,711.0,6.0,3.0,5.0,15.0,25.0,59.0,131.0,194.0,157.0,116.0
4.17,1493.0,15.0,8.0,8.0,30.0,42.0,83.0,119.0,328.0,379.0,481.0
4.1,715.0,5.0,8.0,3.0,7.0,28.0,40.0,96.0,141.0,179.0,208.0
3.99,614.0,3.0,2.0,4.0,13.0,22.0,62.0,91.0,186.0,118.0,113.0
3.95,2013.0,13.0,13.0,17.0,29.0,68.0,130.0,304.0,620.0,452.0,367.0
3.99,971.0,8.0,6.0,14.0,37.0,33.0,71.0,123.0,248.0,176.0,255.0
4.01,2186.0,10.0,7.0,10.0,53.0,63.0,191.0,282.0,636.0,486.0,448.0
3.97,1488.0,17.0,13.0,17.0,58.0,54.0,120.0,191.0,369.0,285.0,364.0
4.02,656.0,2.0,7.0,1.0,17.0,23.0,45.0,101.0,194.0,161.0,105.0
3.91,13692.0,46.0,67.0,78.0,255.0,423.0,1238.0,2422.0,4300.0,2948.0,1915.0
3.96,25171.0,122.0,152.0,172.0,495.0,891.0,2011.0,3668.0,6822.0,5764.0,5074.0
3.97,1922.0,6.0,12.0,14.0,21.0,51.0,154.0,320.0,621.0,469.0,254.0
4.06,909.0,4.0,10.0,6.0,22.0,34.0,77.0,108.0,234.0,208.0,206.0
4.16,663.0,2.0,7.0,4.0,10.0,20.0,44.0,84.0,157.0,162.0,173.0
4.23,1124.0,4.0,4.0,11.0,14.0,27.0,73.0,114.0,254.0,280.0,343.0
4.09,802.0,3.0,4.0,5.0,15.0,30.0,50.0,109.0,223.0,178.0,185.0
4.13,751.0,2.0,6.0,1.0,11.0,25.0,48.0,92.0,208.0,155.0,203.0
4.12,14865.0,30.0,34.0,57.0,170.0,303.0,949.0,1882.0,4291.0,4081.0,3068.0
3.94,4977.0,11.0,22.0,21.0,68.0,128.0,454.0,896.0,1625.0,1141.0,611.0
3.93,10004.0,32.0,54.0,69.0,194.0,386.0,991.0,1603.0,2730.0,2131.0,1814.0
4.02,882.0,2.0,1.0,1.0,10.0,11.0,43.0,144.0,375.0,215.0,80.0
4.03,295.0,1.0,2.0,0.0,7.0,15.0,17.0,40.0,86.0,75.0,52.0
4.0,371.0,0.0,3.0,2.0,5.0,10.0,37.0,60.0,109.0,90.0,55.0
4.01,388.0,2.0,2.0,2.0,4.0,12.0,24.0,51.0,136.0,100.0,55.0
4.03,343.0,3.0,0.0,3.0,5.0,11.0,32.0,51.0,87.0,74.0,77.0
4.01,570.0,4.0,6.0,5.0,13.0,16.0,54.0,102.0,150.0,101.0,119.0
3.97,8568.0,33.0,45.0,54.0,178.0,361.0,694.0,1249.0,2202.0,1853.0,1899.0
3.93,6531.0,21.0,30.0,44.0,101.0,199.0,555.0,1149.0,2072.0,1427.0,933.0
3.98,534.0,2.0,3.0,3.0,15.0,26.0,44.0,78.0,137.0,114.0,112.0
4.0,477.0,3.0,1.0,4.0,11.0,21.0,46.0,74.0,141.0,88.0,88.0
4.01,15777.0,26.0,52.0,62.0,206.0,406.0,1195.0,2370.0,4948.0,4071.0,2441.0
4.0,670.0,5.0,1.0,6.0,12.0,24.0,57.0,120.0,166.0,151.0,128.0
4.12,1078.0,4.0,10.0,7.0,21.0,36.0,79.0,128.0,230.0,237.0,326.0
4.09,1251.0,0.0,7.0,5.0,25.0,35.0,74.0,174.0,384.0,312.0,235.0
4.31,40441.0,226.0,118.0,122.0,375.0,659.0,1743.0,3343.0,8499.0,11481.0,13875.0
4.1,2071.0,9.0,7.0,9.0,25.0,52.0,130.0,240.0,582.0,525.0,492.0
4.1,666.0,3.0,1.0,7.0,13.0,17.0,43.0,85.0,161.0,173.0,163.0
4.01,417.0,2.0,5.0,1.0,9.0,13.0,30.0,75.0,122.0,83.0,77.0
4.02,440.0,3.0,4.0,6.0,6.0,13.0,24.0,73.0,123.0,123.0,65.0
4.09,1225.0,2.0,3.0,5.0,21.0,39.0,83.0,151.0,341.0,334.0,246.0
4.04,1001.0,6.0,4.0,3.0,20.0,37.0,72.0,134.0,289.0,230.0,206.0
4.05,40840.0,434.0,295.0,356.0,737.0,1175.0,2674.0,4764.0,8994.0,9943.0,11468.0
3.91,7462.0,9.0,21.0,39.0,117.0,199.0,700.0,1461.0,2411.0,1606.0,899.0
4.12,804.0,3.0,4.0,6.0,13.0,19.0,50.0,89.0,195.0,196.0,229.0
3.94,1022.0,7.0,7.0,10.0,28.0,34.0,79.0,152.0,294.0,222.0,189.0
4.0,264.0,2.0,2.0,3.0,2.0,6.0,21.0,47.0,83.0,60.0,38.0
3.98,993.0,3.0,1.0,5.0,18.0,28.0,92.0,159.0,324.0,217.0,146.0
3.96,9813.0,57.0,56.0,67.0,164.0,305.0,783.0,1472.0,2895.0,2350.0,1664.0
4.07,24932.0,120.0,136.0,193.0,437.0,690.0,1547.0,3003.0,6368.0,6965.0,5473.0
3.93,6605.0,19.0,31.0,34.0,91.0,210.0,582.0,1117.0,2204.0,1422.0,895.0
4.0,805.0,5.0,3.0,4.0,17.0,26.0,65.0,109.0,238.0,204.0,134.0
3.9,10573.0,33.0,47.0,84.0,241.0,488.0,982.0,1718.0,2975.0,2248.0,1757.0
3.99,611.0,2.0,2.0,2.0,15.0,16.0,55.0,95.0,211.0,121.0,92.0
3.9,8298.0,48.0,56.0,62.0,178.0,305.0,804.0,1268.0,2269.0,1830.0,1478.0
4.21,278.0,2.0,1.0,1.0,3.0,3.0,14.0,39.0,62.0,69.0,84.0
4.15,964.0,11.0,10.0,10.0,15.0,32.0,52.0,92.0,202.0,208.0,332.0
3.98,482.0,3.0,6.0,4.0,7.0,22.0,35.0,60.0,120.0,122.0,103.0
4.05,558.0,1.0,3.0,5.0,11.0,19.0,39.0,88.0,150.0,113.0,129.0
4.02,752.0,7.0,1.0,5.0,13.0,14.0,47.0,124.0,231.0,178.0,132.0
4.0,18328.0,85.0,86.0,123.0,331.0,578.0,1457.0,2607.0,5109.0,4325.0,3627.0
4.03,638.0,2.0,6.0,4.0,6.0,13.0,50.0,84.0,224.0,169.0,80.0
3.98,762.0,2.0,8.0,6.0,11.0,27.0,57.0,143.0,227.0,133.0,148.0
3.97,447.0,1.0,1.0,1.0,9.0,14.0,42.0,79.0,148.0,93.0,59.0
3.86,12250.0,94.0,122.0,136.0,405.0,543.0,1058.0,1722.0,3223.0,3097.0,1850.0
3.98,945.0,8.0,3.0,7.0,30.0,39.0,80.0,139.0,260.0,197.0,182.0
4.06,10740.0,21.0,48.0,50.0,146.0,274.0,800.0,1527.0,3043.0,2766.0,2065.0
4.06,522.0,3.0,1.0,0.0,10.0,14.0,37.0,65.0,155.0,142.0,95.0
4.17,26487.0,71.0,103.0,121.0,357.0,610.0,1553.0,2922.0,6261.0,6859.0,7630.0
3.93,4088.0,21.0,13.0,29.0,69.0,117.0,342.0,615.0,1374.0,993.0,515.0
3.99,1697.0,22.0,16.0,14.0,27.0,56.0,114.0,197.0,514.0,415.0,322.0
4.34,1665.0,15.0,9.0,8.0,16.0,41.0,82.0,123.0,301.0,407.0,663.0
4.0,528.0,3.0,2.0,3.0,7.0,25.0,28.0,68.0,174.0,156.0,62.0
4.15,432.0,2.0,2.0,6.0,9.0,12.0,19.0,57.0,99.0,96.0,130.0
3.99,686.0,3.0,5.0,6.0,8.0,17.0,59.0,118.0,184.0,161.0,125.0
4.13,615.0,0.0,2.0,0.0,5.0,8.0,38.0,72.0,190.0,217.0,83.0
4.02,13704.0,51.0,63.0,131.0,293.0,500.0,1058.0,1810.0,3345.0,3145.0,3308.0
4.04,721.0,1.0,2.0,4.0,10.0,34.0,59.0,117.0,194.0,167.0,133.0
4.15,844.0,2.0,5.0,6.0,13.0,26.0,47.0,102.0,202.0,214.0,227.0
4.14,40689.0,202.0,180.0,214.0,592.0,1036.0,2617.0,4590.0,9024.0,9796.0,12438.0
4.04,359.0,1.0,3.0,0.0,8.0,8.0,29.0,65.0,99.0,82.0,64.0
3.96,777.0,3.0,8.0,3.0,20.0,25.0,98.0,127.0,193.0,145.0,155.0
4.07,599.0,3.0,2.0,3.0,8.0,15.0,61.0,73.0,156.0,108.0,170.0
3.97,2987.0,7.0,9.0,12.0,27.0,80.0,255.0,505.0,1039.0,692.0,361.0
4.08,426.0,2.0,3.0,3.0,4.0,10.0,25.0,49.0,130.0,135.0,65.0
3.95,24385.0,110.0,171.0,195.0,490.0,893.0,2129.0,3596.0,6416.0,5759.0,4626.0
4.02,392.0,2.0,3.0,0.0,10.0,18.0,42.0,46.0,116.0,84.0,71.0
4.03,609.0,4.0,9.0,5.0,19.0,26.0,58.0,82.0,124.0,126.0,156.0
3.96,5168.0,8.0,14.0,17.0,53.0,135.0,404.0,904.0,1841.0,1214.0,578.0
3.96,2183.0,17.0,18.0,19.0,46.0,51.0,157.0,283.0,676.0,505.0,411.0
3.98,1681.0,20.0,20.0,17.0,42.0,48.0,121.0,201.0,439.0,399.0,374.0
4.07,596.0,2.0,2.0,3.0,6.0,16.0,37.0,84.0,192.0,145.0,109.0
4.05,423.0,0.0,2.0,2.0,10.0,13.0,39.0,54.0,130.0,107.0,66.0
3.84,25064.0,155.0,149.0,230.0,566.0,1048.0,2331.0,4181.0,7260.0,6106.0,3038.0
4.03,21860.0,46.0,74.0,121.0,343.0,620.0,1570.0,3123.0,6294.0,5636.0,4033.0
4.17,10235.0,28.0,33.0,48.0,115.0,207.0,615.0,1154.0,2644.0,2765.0,2626.0
3.96,877.0,4.0,2.0,8.0,23.0,31.0,85.0,144.0,243.0,196.0,141.0
3.97,25532.0,56.0,85.0,113.0,313.0,680.0,1991.0,4174.0,8400.0,6557.0,3163.0
4.2,1033.0,8.0,6.0,5.0,17.0,33.0,56.0,115.0,236.0,228.0,329.0
3.97,1674.0,2.0,3.0,6.0,26.0,49.0,165.0,302.0,518.0,364.0,239.0
4.35,17717.0,45.0,37.0,63.0,119.0,240.0,687.0,1446.0,3655.0,5071.0,6354.0
4.19,863.0,4.0,6.0,4.0,12.0,30.0,47.0,87.0,164.0,174.0,335.0
3.98,1964.0,2.0,5.0,7.0,23.0,44.0,154.0,320.0,680.0,402.0,327.0
4.03,1207.0,13.0,11.0,10.0,29.0,35.0,92.0,141.0,283.0,272.0,321.0
4.14,22232.0,60.0,69.0,86.0,246.0,521.0,1339.0,2742.0,5866.0,5809.0,5494.0
4.02,458.0,3.0,1.0,2.0,9.0,8.0,39.0,88.0,125.0,104.0,79.0
3.94,2770.0,5.0,11.0,11.0,34.0,80.0,215.0,510.0,939.0,630.0,335.0
4.09,778.0,7.0,6.0,3.0,16.0,26.0,61.0,101.0,210.0,160.0,188.0
4.07,870.0,3.0,6.0,7.0,17.0,30.0,67.0,92.0,255.0,203.0,190.0
4.01,409.0,3.0,1.0,2.0,8.0,13.0,35.0,67.0,116.0,96.0,68.0
4.02,900.0,4.0,2.0,2.0,9.0,13.0,75.0,133.0,304.0,248.0,110.0
4.16,1329.0,8.0,13.0,6.0,25.0,32.0,82.0,134.0,307.0,329.0,393.0
4.13,783.0,3.0,3.0,5.0,15.0,22.0,60.0,88.0,222.0,174.0,191.0
3.92,3505.0,18.0,31.0,35.0,87.0,147.0,272.0,538.0,961.0,807.0,609.0
4.03,867.0,6.0,9.0,9.0,15.0,33.0,66.0,114.0,202.0,193.0,220.0
4.0,750.0,10.0,7.0,8.0,14.0,16.0,63.0,101.0,209.0,165.0,157.0
3.85,16285.0,43.0,58.0,95.0,340.0,687.0,1765.0,2801.0,4883.0,3822.0,1791.0
4.03,1513.0,9.0,4.0,14.0,31.0,71.0,114.0,184.0,374.0,343.0,369.0
4.04,1016.0,6.0,5.0,4.0,14.0,37.0,71.0,139.0,316.0,225.0,199.0
3.98,1280.0,16.0,17.0,13.0,34.0,34.0,124.0,149.0,293.0,282.0,318.0
4.15,1082.0,4.0,9.0,7.0,17.0,31.0,63.0,124.0,249.0,264.0,314.0
4.29,1720.0,5.0,7.0,4.0,15.0,25.0,100.0,164.0,399.0,398.0,603.0
3.92,7091.0,20.0,15.0,34.0,86.0,172.0,596.0,1376.0,2651.0,1434.0,707.0
3.93,655.0,5.0,6.0,4.0,12.0,17.0,47.0,129.0,209.0,127.0,99.0
4.01,478.0,2.0,1.0,2.0,5.0,13.0,30.0,82.0,140.0,104.0,99.0
3.94,1071.0,19.0,12.0,8.0,19.0,33.0,72.0,115.0,319.0,284.0,190.0
4.19,33452.0,216.0,150.0,188.0,510.0,863.0,2126.0,3606.0,6931.0,7270.0,11592.0
4.02,10807.0,30.0,39.0,59.0,162.0,303.0,921.0,1627.0,2989.0,2425.0,2252.0
3.92,13655.0,74.0,99.0,132.0,337.0,551.0,1189.0,2008.0,3653.0,3048.0,2564.0
4.0,1458.0,12.0,15.0,11.0,24.0,52.0,121.0,178.0,383.0,368.0,294.0
4.11,26506.0,56.0,89.0,91.0,362.0,593.0,1635.0,3349.0,7438.0,7325.0,5568.0
4.07,2126.0,20.0,11.0,21.0,38.0,65.0,150.0,252.0,539.0,466.0,564.0
3.99,571.0,5.0,5.0,3.0,11.0,14.0,70.0,89.0,135.0,117.0,122.0
3.98,832.0,2.0,4.0,5.0,6.0,10.0,64.0,125.0,298.0,194.0,124.0
4.15,877.0,0.0,4.0,6.0,11.0,27.0,49.0,101.0,234.0,223.0,222.0
4.19,27056.0,157.0,117.0,132.0,343.0,562.0,1457.0,2724.0,6048.0,6471.0,9045.0
4.07,1659.0,3.0,0.0,5.0,12.0,28.0,100.0,231.0,607.0,394.0,279.0
3.95,9772.0,80.0,79.0,82.0,237.0,363.0,737.0,1283.0,2459.0,2317.0,2135.0
4.13,1817.0,6.0,9.0,16.0,34.0,58.0,126.0,181.0,382.0,462.0,543.0
4.04,530.0,4.0,5.0,5.0,11.0,16.0,43.0,58.0,140.0,148.0,100.0
4.08,794.0,1.0,0.0,5.0,5.0,33.0,44.0,111.0,249.0,168.0,178.0
4.28,1369.0,6.0,8.0,4.0,18.0,35.0,72.0,137.0,259.0,322.0,508.0
4.15,1741.0,9.0,9.0,13.0,27.0,44.0,128.0,192.0,426.0,363.0,530.0
3.96,509.0,3.0,2.0,1.0,5.0,7.0,49.0,95.0,169.0,112.0,66.0
3.98,686.0,5.0,1.0,1.0,15.0,13.0,50.0,100.0,253.0,159.0,89.0
3.93,9047.0,35.0,57.0,91.0,209.0,352.0,810.0,1333.0,2401.0,1930.0,1829.0
4.35,2103.0,20.0,9.0,16.0,29.0,49.0,93.0,149.0,332.0,453.0,953.0
4.27,1352.0,5.0,7.0,6.0,12.0,32.0,67.0,131.0,285.0,332.0,475.0
4.01,28665.0,228.0,265.0,284.0,599.0,989.0,2084.0,3483.0,6509.0,6313.0,7911.0
4.06,739.0,5.0,2.0,10.0,7.0,28.0,61.0,83.0,200.0,174.0,169.0
3.89,789.0,9.0,11.0,7.0,32.0,35.0,62.0,97.0,179.0,146.0,211.0
3.94,539.0,6.0,3.0,2.0,23.0,27.0,48.0,82.0,141.0,93.0,114.0
4.07,758.0,2.0,3.0,4.0,17.0,27.0,47.0,90.0,218.0,183.0,167.0
3.99,638.0,2.0,3.0,0.0,10.0,20.0,62.0,102.0,208.0,129.0,102.0
4.18,881.0,1.0,4.0,7.0,8.0,15.0,45.0,99.0,224.0,249.0,229.0
4.04,309.0,0.0,2.0,2.0,1.0,5.0,26.0,42.0,105.0,85.0,41.0
3.99,640.0,1.0,3.0,1.0,17.0,18.0,62.0,89.0,195.0,134.0,120.0
4.09,1104.0,6.0,8.0,9.0,22.0,32.0,67.0,142.0,287.0,256.0,275.0
3.9,8348.0,23.0,33.0,48.0,159.0,277.0,762.0,1304.0,2809.0,2069.0,864.0
4.0,344.0,2.0,3.0,1.0,6.0,11.0,28.0,73.0,97.0,69.0,54.0
3.91,6071.0,17.0,35.0,29.0,86.0,188.0,521.0,1067.0,1971.0,1412.0,745.0
3.98,709.0,3.0,1.0,1.0,8.0,15.0,68.0,131.0,203.0,158.0,121.0
4.17,1304.0,7.0,10.0,9.0,25.0,34.0,98.0,141.0,295.0,322.0,363.0
3.95,15448.0,40.0,67.0,96.0,238.0,454.0,1301.0,2547.0,4859.0,3745.0,2101.0
4.03,708.0,0.0,2.0,5.0,20.0,30.0,66.0,98.0,165.0,118.0,204.0
3.99,16218.0,72.0,89.0,127.0,306.0,559.0,1364.0,2357.0,4136.0,3646.0,3562.0
4.04,15572.0,32.0,48.0,55.0,170.0,345.0,1124.0,2365.0,4800.0,4231.0,2402.0
4.0,1289.0,4.0,13.0,13.0,15.0,45.0,121.0,172.0,375.0,288.0,243.0
4.2,982.0,5.0,4.0,2.0,17.0,38.0,72.0,101.0,224.0,184.0,335.0
4.0,2035.0,18.0,21.0,15.0,35.0,71.0,164.0,268.0,590.0,413.0,440.0
4.0,853.0,7.0,2.0,5.0,21.0,30.0,76.0,115.0,190.0,211.0,196.0
4.02,540.0,3.0,3.0,4.0,6.0,22.0,62.0,83.0,127.0,111.0,119.0
3.93,6616.0,44.0,43.0,48.0,139.0,231.0,663.0,992.0,1722.0,1473.0,1261.0
4.17,1729.0,5.0,6.0,5.0,22.0,35.0,88.0,183.0,465.0,499.0,421.0
4.3,44303.0,177.0,163.0,202.0,456.0,819.0,2036.0,3674.0,8620.0,11621.0,16535.0
3.94,434.0,3.0,6.0,6.0,7.0,12.0,30.0,61.0,136.0,95.0,78.0
4.04,442.0,2.0,2.0,2.0,10.0,14.0,47.0,69.0,116.0,95.0,85.0
4.0,470.0,2.0,1.0,3.0,11.0,23.0,36.0,72.0,141.0,98.0,83.0
3.99,418.0,2.0,3.0,1.0,9.0,15.0,27.0,56.0,133.0,105.0,67.0
4.03,717.0,3.0,1.0,7.0,17.0,22.0,61.0,97.0,207.0,139.0,163.0
4.0,14020.0,77.0,98.0,130.0,327.0,505.0,1155.0,1858.0,3236.0,2875.0,3759.0
4.39,2016.0,7.0,9.0,4.0,22.0,41.0,73.0,116.0,349.0,464.0,931.0
4.13,32048.0,183.0,157.0,209.0,489.0,810.0,1988.0,3575.0,7300.0,8444.0,8893.0
3.96,820.0,5.0,10.0,14.0,16.0,30.0,60.0,131.0,239.0,171.0,144.0
3.99,640.0,2.0,3.0,0.0,13.0,14.0,50.0,114.0,212.0,136.0,96.0
4.22,4568.0,9.0,11.0,12.0,33.0,65.0,190.0,431.0,1308.0,1534.0,975.0
3.97,765.0,4.0,2.0,3.0,8.0,14.0,55.0,138.0,289.0,159.0,93.0
4.16,1177.0,2.0,10.0,8.0,18.0,34.0,59.0,141.0,288.0,285.0,332.0
4.05,2314.0,5.0,12.0,12.0,28.0,48.0,139.0,320.0,812.0,545.0,393.0
4.11,10322.0,18.0,24.0,23.0,95.0,165.0,586.0,1476.0,3256.0,2900.0,1779.0
4.02,466.0,3.0,5.0,1.0,11.0,8.0,43.0,84.0,135.0,104.0,72.0
3.91,822.0,5.0,7.0,10.0,23.0,32.0,80.0,123.0,223.0,169.0,150.0
4.35,2867.0,14.0,14.0,17.0,36.0,69.0,133.0,237.0,528.0,610.0,1209.0
4.06,4911.0,10.0,25.0,35.0,86.0,114.0,372.0,623.0,1206.0,1191.0,1249.0
4.04,1987.0,8.0,7.0,10.0,18.0,37.0,105.0,264.0,672.0,604.0,262.0
3.91,7617.0,31.0,47.0,70.0,189.0,283.0,706.0,1275.0,2124.0,1650.0,1242.0
3.99,4948.0,27.0,36.0,35.0,81.0,174.0,406.0,646.0,1406.0,1193.0,944.0
4.22,1770.0,17.0,10.0,14.0,34.0,60.0,87.0,157.0,294.0,394.0,703.0
3.99,585.0,5.0,5.0,2.0,11.0,22.0,43.0,88.0,165.0,126.0,118.0
4.19,2294.0,20.0,19.0,8.0,38.0,57.0,135.0,220.0,466.0,575.0,756.0
3.98,1198.0,35.0,25.0,22.0,25.0,33.0,78.0,114.0,219.0,255.0,392.0
4.03,572.0,0.0,1.0,3.0,6.0,19.0,40.0,78.0,184.0,135.0,106.0
3.96,8364.0,14.0,32.0,32.0,125.0,290.0,701.0,1413.0,2647.0,1856.0,1254.0
3.93,824.0,7.0,9.0,13.0,24.0,31.0,70.0,119.0,201.0,193.0,157.0
3.89,17709.0,54.0,113.0,139.0,425.0,746.0,1747.0,2858.0,4895.0,3844.0,2888.0
3.95,8957.0,22.0,40.0,47.0,139.0,277.0,766.0,1464.0,2916.0,2035.0,1251.0
4.04,587.0,1.0,2.0,1.0,12.0,14.0,53.0,91.0,189.0,120.0,104.0
3.9,14546.0,143.0,122.0,153.0,302.0,472.0,1227.0,2240.0,4249.0,3284.0,2354.0
4.18,33376.0,223.0,147.0,151.0,369.0,604.0,1433.0,3133.0,7745.0,11929.0,7642.0
4.09,24562.0,57.0,102.0,105.0,349.0,628.0,1713.0,3338.0,6399.0,6577.0,5294.0
3.98,1218.0,8.0,5.0,8.0,25.0,38.0,88.0,162.0,337.0,319.0,228.0
4.05,929.0,3.0,9.0,5.0,14.0,36.0,95.0,106.0,256.0,202.0,203.0
3.99,510.0,4.0,3.0,3.0,10.0,16.0,45.0,73.0,162.0,100.0,94.0
3.98,2680.0,4.0,7.0,11.0,22.0,58.0,187.0,501.0,939.0,622.0,329.0
4.0,774.0,6.0,7.0,12.0,19.0,31.0,69.0,96.0,171.0,153.0,210.0
4.03,2305.0,11.0,9.0,11.0,32.0,48.0,164.0,335.0,698.0,636.0,361.0
4.0,557.0,5.0,1.0,5.0,12.0,22.0,55.0,72.0,161.0,121.0,103.0
4.11,710.0,5.0,3.0,5.0,20.0,28.0,64.0,81.0,158.0,149.0,197.0
4.05,757.0,1.0,2.0,4.0,12.0,25.0,48.0,112.0,228.0,183.0,142.0
4.27,1188.0,4.0,3.0,5.0,11.0,26.0,62.0,115.0,250.0,282.0,430.0
3.97,678.0,4.0,6.0,4.0,7.0,22.0,68.0,103.0,223.0,119.0,122.0
4.31,22652.0,70.0,66.0,67.0,200.0,361.0,1018.0,1936.0,4787.0,5828.0,8319.0
4.1,282.0,0.0,2.0,1.0,1.0,6.0,13.0,32.0,108.0,78.0,41.0
4.0,497.0,0.0,0.0,0.0,4.0,14.0,32.0,90.0,180.0,118.0,59.0
3.92,8601.0,39.0,46.0,75.0,177.0,341.0,805.0,1256.0,2344.0,1748.0,1770.0
3.92,7386.0,11.0,39.0,42.0,145.0,264.0,739.0,1235.0,2249.0,1590.0,1072.0
4.1,16936.0,63.0,78.0,73.0,215.0,353.0,971.0,2013.0,4677.0,4569.0,3924.0
3.94,477.0,1.0,3.0,5.0,3.0,10.0,42.0,83.0,165.0,111.0,54.0
4.01,1215.0,4.0,9.0,6.0,25.0,44.0,92.0,173.0,309.0,318.0,235.0
3.9,7814.0,36.0,47.0,68.0,181.0,313.0,689.0,1256.0,2205.0,1660.0,1359.0
4.05,375.0,6.0,3.0,4.0,6.0,12.0,23.0,32.0,86.0,92.0,111.0
4.02,1816.0,9.0,21.0,17.0,48.0,70.0,118.0,226.0,400.0,438.0,469.0
4.0,340.0,0.0,2.0,1.0,1.0,9.0,20.0,54.0,138.0,75.0,40.0
3.98,815.0,4.0,5.0,7.0,12.0,28.0,62.0,141.0,248.0,189.0,119.0
4.12,24111.0,83.0,96.0,111.0,299.0,587.0,1520.0,2980.0,6449.0,6414.0,5572.0
4.06,1613.0,5.0,3.0,8.0,13.0,31.0,103.0,220.0,543.0,408.0,279.0
4.0,14802.0,59.0,70.0,102.0,306.0,499.0,1230.0,2073.0,3877.0,3321.0,3265.0
3.99,292.0,1.0,1.0,4.0,7.0,9.0,33.0,49.0,58.0,71.0,59.0
4.0,482.0,2.0,7.0,4.0,18.0,19.0,25.0,71.0,117.0,102.0,117.0
4.04,1188.0,12.0,6.0,10.0,27.0,36.0,80.0,161.0,309.0,297.0,250.0
3.96,20964.0,79.0,113.0,151.0,370.0,726.0,1757.0,3191.0,5861.0,4845.0,3871.0
3.93,20220.0,184.0,250.0,234.0,548.0,718.0,1584.0,2468.0,4632.0,4482.0,5120.0
4.01,496.0,3.0,5.0,1.0,11.0,16.0,43.0,86.0,147.0,91.0,93.0
4.01,390.0,1.0,1.0,5.0,5.0,10.0,22.0,59.0,125.0,78.0,84.0
4.02,367.0,2.0,4.0,3.0,2.0,6.0,21.0,57.0,120.0,92.0,60.0
3.97,296.0,7.0,1.0,2.0,4.0,10.0,11.0,39.0,91.0,79.0,52.0
3.96,1138.0,5.0,5.0,6.0,12.0,32.0,96.0,186.0,372.0,238.0,186.0
4.0,433.0,1.0,4.0,1.0,9.0,18.0,36.0,56.0,105.0,104.0,99.0
3.88,13764.0,38.0,75.0,100.0,242.0,504.0,1362.0,2430.0,4197.0,3022.0,1794.0
4.01,703.0,1.0,5.0,4.0,14.0,25.0,55.0,90.0,246.0,136.0,127.0
4.38,2316.0,9.0,10.0,11.0,23.0,44.0,110.0,176.0,401.0,577.0,955.0
4.05,11002.0,21.0,38.0,42.0,147.0,275.0,803.0,1534.0,3316.0,2879.0,1947.0
4.11,1181.0,3.0,6.0,6.0,19.0,41.0,83.0,154.0,290.0,272.0,307.0
4.03,341.0,2.0,2.0,0.0,3.0,13.0,19.0,55.0,101.0,95.0,51.0
3.92,15340.0,72.0,92.0,110.0,290.0,493.0,1209.0,2492.0,4630.0,3563.0,2389.0
3.9,7422.0,43.0,46.0,72.0,156.0,319.0,716.0,1142.0,1990.0,1452.0,1486.0
4.12,4105.0,8.0,3.0,16.0,36.0,69.0,194.0,465.0,1405.0,1154.0,755.0
3.97,835.0,2.0,4.0,2.0,8.0,28.0,52.0,130.0,290.0,202.0,117.0
4.01,633.0,3.0,4.0,5.0,8.0,21.0,57.0,89.0,199.0,125.0,122.0
4.09,803.0,4.0,7.0,8.0,17.0,34.0,62.0,94.0,157.0,174.0,246.0
3.98,610.0,2.0,3.0,3.0,9.0,19.0,59.0,103.0,183.0,136.0,93.0
3.93,20179.0,146.0,152.0,182.0,457.0,667.0,1546.0,3035.0,5819.0,4641.0,3534.0
3.92,10435.0,41.0,66.0,78.0,223.0,359.0,960.0,1653.0,2898.0,2324.0,1833.0
3.95,817.0,4.0,10.0,6.0,22.0,35.0,73.0,87.0,222.0,212.0,146.0
4.17,18020.0,94.0,90.0,89.0,256.0,406.0,1066.0,1979.0,3839.0,4465.0,5736.0
3.94,798.0,4.0,5.0,9.0,13.0,38.0,65.0,122.0,225.0,184.0,133.0
3.91,9467.0,20.0,33.0,43.0,158.0,318.0,860.0,1759.0,2977.0,1990.0,1309.0
4.31,1929.0,11.0,10.0,9.0,20.0,32.0,86.0,188.0,382.0,421.0,770.0
4.15,1006.0,6.0,7.0,5.0,24.0,30.0,58.0,105.0,217.0,252.0,302.0
3.95,1912.0,8.0,11.0,10.0,25.0,46.0,130.0,312.0,695.0,405.0,270.0
4.05,1410.0,3.0,11.0,8.0,25.0,56.0,109.0,199.0,358.0,281.0,360.0
4.02,365.0,1.0,1.0,1.0,10.0,9.0,27.0,64.0,107.0,69.0,76.0
4.07,12143.0,30.0,46.0,62.0,130.0,292.0,791.0,1628.0,3671.0,3271.0,2222.0
4.11,383.0,0.0,1.0,1.0,2.0,12.0,17.0,49.0,133.0,97.0,71.0
4.04,834.0,4.0,4.0,9.0,12.0,22.0,66.0,119.0,270.0,166.0,162.0
4.0,751.0,2.0,3.0,7.0,17.0,19.0,64.0,110.0,232.0,163.0,134.0
3.99,694.0,5.0,1.0,10.0,12.0,15.0,64.0,108.0,220.0,123.0,136.0
4.07,575.0,3.0,3.0,6.0,11.0,29.0,53.0,64.0,133.0,130.0,143.0
4.06,801.0,2.0,1.0,7.0,17.0,27.0,57.0,106.0,227.0,183.0,174.0
4.16,7611.0,11.0,13.0,21.0,58.0,122.0,382.0,916.0,2342.0,2087.0,1659.0
4.04,289.0,1.0,2.0,3.0,6.0,11.0,29.0,38.0,59.0,74.0,66.0
4.13,406.0,3.0,2.0,1.0,6.0,9.0,26.0,43.0,120.0,99.0,97.0
4.24,37132.0,371.0,229.0,240.0,566.0,877.0,1803.0,3012.0,6498.0,8833.0,14703.0
3.96,14918.0,32.0,62.0,73.0,272.0,448.0,1262.0,2414.0,4569.0,3478.0,2308.0
3.93,8991.0,16.0,24.0,49.0,135.0,241.0,738.0,1657.0,3119.0,1968.0,1044.0
4.13,830.0,2.0,5.0,7.0,12.0,21.0,69.0,97.0,229.0,218.0,170.0
4.05,1595.0,10.0,15.0,10.0,27.0,48.0,108.0,192.0,415.0,384.0,386.0
4.24,391.0,1.0,0.0,1.0,1.0,8.0,28.0,46.0,73.0,90.0,143.0
4.16,1808.0,6.0,7.0,8.0,26.0,49.0,112.0,194.0,464.0,520.0,422.0
4.05,723.0,2.0,5.0,3.0,10.0,13.0,56.0,83.0,231.0,196.0,124.0
4.09,484.0,2.0,1.0,4.0,7.0,11.0,23.0,63.0,158.0,115.0,100.0
4.12,395.0,7.0,0.0,2.0,3.0,10.0,21.0,42.0,124.0,98.0,88.0
3.91,5925.0,49.0,62.0,79.0,151.0,247.0,474.0,848.0,1576.0,1270.0,1169.0
4.12,36082.0,133.0,166.0,233.0,609.0,1033.0,2330.0,4195.0,8588.0,9009.0,9786.0
4.05,638.0,1.0,4.0,3.0,10.0,18.0,54.0,107.0,158.0,144.0,139.0
4.02,467.0,2.0,1.0,2.0,8.0,14.0,40.0,72.0,147.0,117.0,64.0
3.92,10230.0,37.0,52.0,92.0,233.0,406.0,939.0,1550.0,2812.0,2281.0,1828.0
4.01,16981.0,23.0,47.0,61.0,181.0,381.0,1253.0,2726.0,5578.0,4643.0,2088.0
4.07,8207.0,36.0,46.0,40.0,129.0,219.0,585.0,1075.0,2268.0,2047.0,1762.0
4.01,621.0,2.0,2.0,6.0,11.0,16.0,55.0,88.0,186.0,151.0,104.0
4.04,16117.0,50.0,60.0,76.0,220.0,500.0,1229.0,2259.0,4392.0,3963.0,3368.0
3.97,667.0,1.0,5.0,4.0,14.0,23.0,70.0,118.0,193.0,123.0,116.0
4.06,4236.0,6.0,8.0,13.0,46.0,112.0,305.0,618.0,1243.0,1058.0,827.0
3.98,870.0,3.0,5.0,5.0,11.0,29.0,63.0,141.0,270.0,202.0,141.0
4.07,1097.0,7.0,10.0,9.0,16.0,23.0,86.0,151.0,304.0,242.0,249.0
4.1,1493.0,17.0,20.0,16.0,39.0,54.0,95.0,147.0,280.0,351.0,474.0
3.96,1234.0,10.0,10.0,12.0,32.0,49.0,107.0,189.0,318.0,247.0,260.0
4.04,22495.0,96.0,129.0,182.0,404.0,653.0,1568.0,2875.0,5937.0,5782.0,4869.0
4.05,406.0,3.0,1.0,3.0,7.0,9.0,32.0,52.0,125.0,86.0,88.0
4.37,3252.0,27.0,17.0,15.0,47.0,80.0,154.0,233.0,426.0,562.0,1691.0
3.96,1402.0,15.0,13.0,11.0,42.0,54.0,106.0,138.0,398.0,342.0,283.0
3.92,39737.0,301.0,272.0,366.0,885.0,1561.0,3487.0,6065.0,10699.0,8340.0,7761.0
4.0,924.0,4.0,3.0,9.0,22.0,27.0,80.0,123.0,262.0,223.0,171.0
4.08,426.0,1.0,3.0,1.0,4.0,12.0,33.0,63.0,110.0,124.0,75.0
4.08,7970.0,17.0,31.0,25.0,88.0,176.0,523.0,1142.0,2425.0,2085.0,1458.0
3.92,1209.0,25.0,13.0,13.0,42.0,42.0,97.0,151.0,281.0,235.0,310.0
4.0,1184.0,8.0,8.0,6.0,29.0,38.0,69.0,175.0,356.0,261.0,234.0
4.08,583.0,1.0,2.0,5.0,8.0,16.0,31.0,82.0,167.0,145.0,126.0
4.03,2254.0,27.0,46.0,28.0,73.0,72.0,151.0,244.0,440.0,461.0,712.0
4.14,3306.0,6.0,12.0,6.0,22.0,43.0,180.0,369.0,1083.0,978.0,607.0
4.06,497.0,4.0,4.0,2.0,9.0,18.0,29.0,68.0,135.0,119.0,109.0
3.99,360.0,2.0,4.0,0.0,5.0,7.0,30.0,73.0,109.0,81.0,49.0
4.05,4241.0,7.0,19.0,21.0,58.0,96.0,266.0,615.0,1241.0,1117.0,801.0
3.93,8986.0,14.0,25.0,55.0,154.0,320.0,842.0,1472.0,2787.0,1935.0,1382.0
4.01,2558.0,42.0,36.0,34.0,55.0,96.0,190.0,307.0,587.0,489.0,722.0
4.17,962.0,5.0,5.0,1.0,24.0,37.0,74.0,87.0,205.0,208.0,316.0
4.1,16527.0,45.0,61.0,84.0,226.0,445.0,1197.0,2176.0,4225.0,3796.0,4272.0
4.11,43058.0,486.0,405.0,406.0,945.0,1264.0,2599.0,4346.0,8604.0,9692.0,14311.0
4.06,1112.0,3.0,9.0,9.0,21.0,34.0,102.0,115.0,263.0,275.0,281.0
4.12,15286.0,90.0,101.0,104.0,250.0,458.0,927.0,1679.0,3560.0,3961.0,4156.0
4.03,535.0,3.0,3.0,3.0,11.0,17.0,46.0,86.0,140.0,129.0,97.0
4.07,1187.0,1.0,3.0,1.0,13.0,25.0,60.0,165.0,429.0,293.0,197.0
3.98,653.0,4.0,6.0,5.0,17.0,21.0,67.0,97.0,173.0,122.0,141.0
4.2,1456.0,6.0,6.0,7.0,23.0,30.0,88.0,162.0,336.0,371.0,427.0
4.03,497.0,1.0,4.0,2.0,9.0,18.0,36.0,73.0,159.0,94.0,101.0
4.01,495.0,2.0,2.0,1.0,8.0,17.0,40.0,81.0,144.0,123.0,77.0
4.07,1588.0,6.0,5.0,9.0,23.0,46.0,113.0,194.0,463.0,455.0,274.0
4.26,1873.0,9.0,8.0,5.0,25.0,43.0,123.0,189.0,397.0,489.0,585.0
3.99,706.0,7.0,2.0,3.0,28.0,19.0,48.0,113.0,182.0,171.0,133.0
3.99,2537.0,9.0,6.0,13.0,35.0,64.0,226.0,368.0,787.0,563.0,466.0
4.19,1068.0,5.0,4.0,5.0,14.0,32.0,63.0,96.0,244.0,294.0,311.0
4.05,1292.0,15.0,14.0,6.0,35.0,57.0,107.0,124.0,282.0,267.0,385.0
3.98,12251.0,44.0,59.0,94.0,242.0,394.0,981.0,1863.0,3450.0,2742.0,2382.0
4.12,32989.0,176.0,182.0,232.0,595.0,885.0,2162.0,3638.0,7195.0,8108.0,9816.0
4.03,871.0,8.0,5.0,5.0,24.0,36.0,91.0,112.0,219.0,156.0,215.0
4.07,1051.0,11.0,15.0,12.0,25.0,29.0,75.0,116.0,231.0,208.0,329.0
4.07,2138.0,17.0,14.0,17.0,43.0,71.0,136.0,234.0,505.0,501.0,600.0
3.98,775.0,1.0,5.0,4.0,13.0,28.0,67.0,115.0,234.0,175.0,133.0
4.09,417.0,4.0,3.0,2.0,4.0,9.0,19.0,59.0,103.0,124.0,90.0
4.0,331.0,1.0,4.0,2.0,3.0,5.0,31.0,52.0,87.0,81.0,65.0
4.25,32162.0,74.0,89.0,112.0,360.0,563.0,1555.0,3210.0,7517.0,9113.0,9569.0
3.94,1284.0,9.0,6.0,11.0,39.0,55.0,126.0,187.0,310.0,297.0,244.0
3.99,8397.0,17.0,35.0,48.0,105.0,248.0,651.0,1318.0,2701.0,1969.0,1305.0
4.15,5850.0,20.0,19.0,22.0,81.0,121.0,355.0,651.0,1440.0,1502.0,1639.0
4.0,30979.0,196.0,210.0,243.0,520.0,855.0,2147.0,4338.0,8498.0,8283.0,5689.0
3.99,789.0,1.0,2.0,4.0,8.0,24.0,60.0,114.0,294.0,168.0,114.0
3.94,6484.0,11.0,24.0,38.0,112.0,234.0,547.0,1115.0,1966.0,1496.0,941.0
4.24,27612.0,80.0,74.0,82.0,277.0,505.0,1459.0,2745.0,6383.0,6755.0,9252.0
4.12,2152.0,15.0,11.0,9.0,32.0,56.0,138.0,277.0,555.0,485.0,574.0
3.91,11417.0,26.0,52.0,64.0,197.0,364.0,1136.0,2001.0,3554.0,2600.0,1423.0
4.03,589.0,1.0,2.0,1.0,5.0,15.0,40.0,108.0,201.0,137.0,79.0
3.95,911.0,11.0,15.0,7.0,25.0,29.0,73.0,110.0,250.0,189.0,202.0
3.92,9372.0,29.0,31.0,41.0,137.0,287.0,921.0,1656.0,3140.0,1964.0,1166.0
3.98,20606.0,42.0,61.0,84.0,241.0,501.0,1632.0,3546.0,6823.0,4801.0,2875.0
4.13,439.0,2.0,0.0,1.0,4.0,18.0,22.0,64.0,135.0,95.0,98.0
3.99,5537.0,9.0,7.0,21.0,60.0,138.0,436.0,908.0,1806.0,1249.0,903.0
3.94,1941.0,13.0,13.0,10.0,32.0,52.0,153.0,259.0,657.0,499.0,253.0
3.95,25610.0,136.0,105.0,117.0,362.0,695.0,2024.0,4275.0,7881.0,6651.0,3364.0
3.94,10650.0,45.0,78.0,94.0,250.0,409.0,972.0,1603.0,2793.0,2255.0,2151.0
3.98,18073.0,150.0,161.0,195.0,445.0,686.0,1311.0,2241.0,4457.0,4796.0,3631.0
4.23,1473.0,7.0,3.0,7.0,18.0,26.0,80.0,176.0,329.0,376.0,451.0
4.19,1002.0,6.0,3.0,4.0,11.0,20.0,71.0,113.0,237.0,245.0,292.0
4.24,7093.0,33.0,26.0,31.0,72.0,127.0,396.0,686.0,1530.0,1953.0,2239.0
3.99,427.0,2.0,3.0,2.0,5.0,13.0,31.0,76.0,121.0,91.0,83.0
3.96,1006.0,6.0,6.0,3.0,16.0,31.0,86.0,148.0,301.0,264.0,145.0
4.04,399.0,1.0,1.0,2.0,2.0,14.0,33.0,60.0,122.0,94.0,70.0
4.05,9541.0,30.0,43.0,54.0,158.0,230.0,682.0,1305.0,2766.0,2491.0,1782.0
4.03,281.0,2.0,2.0,1.0,4.0,5.0,17.0,36.0,104.0,76.0,34.0
3.97,483.0,1.0,3.0,3.0,5.0,11.0,42.0,73.0,179.0,109.0,57.0
3.99,1320.0,4.0,4.0,7.0,11.0,28.0,76.0,217.0,469.0,301.0,203.0
4.16,851.0,15.0,4.0,7.0,13.0,19.0,50.0,79.0,220.0,175.0,269.0
4.02,1033.0,2.0,4.0,5.0,21.0,29.0,89.0,142.0,289.0,245.0,207.0
4.01,18175.0,52.0,76.0,87.0,285.0,491.0,1374.0,2711.0,5371.0,4276.0,3452.0
3.95,713.0,11.0,9.0,7.0,14.0,32.0,61.0,82.0,177.0,154.0,166.0
3.97,11408.0,43.0,85.0,124.0,227.0,470.0,921.0,1595.0,2879.0,2578.0,2486.0
4.06,376.0,3.0,1.0,3.0,8.0,18.0,39.0,59.0,85.0,69.0,91.0
3.93,14358.0,22.0,42.0,65.0,151.0,415.0,1280.0,2762.0,4832.0,3028.0,1761.0
3.95,1002.0,3.0,5.0,9.0,21.0,34.0,85.0,168.0,268.0,216.0,193.0
4.03,8096.0,23.0,51.0,50.0,152.0,258.0,611.0,1107.0,2052.0,1838.0,1954.0
4.12,1379.0,6.0,10.0,6.0,18.0,40.0,97.0,154.0,340.0,364.0,344.0
4.14,1156.0,10.0,9.0,13.0,28.0,38.0,70.0,134.0,234.0,260.0,360.0
4.04,15464.0,36.0,39.0,57.0,188.0,389.0,1031.0,2302.0,4705.0,4049.0,2668.0
4.06,506.0,3.0,1.0,2.0,12.0,21.0,31.0,72.0,130.0,113.0,121.0
3.97,592.0,1.0,6.0,3.0,13.0,17.0,41.0,95.0,156.0,139.0,121.0
3.98,2126.0,2.0,8.0,9.0,34.0,57.0,181.0,351.0,657.0,529.0,298.0
4.01,2183.0,20.0,9.0,7.0,21.0,63.0,134.0,309.0,720.0,631.0,269.0
4.04,874.0,4.0,7.0,3.0,16.0,26.0,70.0,127.0,214.0,233.0,174.0
4.0,770.0,2.0,4.0,7.0,20.0,29.0,86.0,109.0,208.0,134.0,171.0
4.09,18036.0,79.0,104.0,140.0,334.0,481.0,1124.0,2160.0,4423.0,4603.0,4588.0
4.08,1019.0,3.0,2.0,8.0,10.0,25.0,61.0,133.0,293.0,261.0,223.0
4.07,882.0,6.0,13.0,10.0,28.0,33.0,44.0,107.0,174.0,188.0,279.0
4.26,2032.0,8.0,13.0,7.0,18.0,51.0,104.0,192.0,446.0,489.0,704.0
4.13,626.0,1.0,5.0,2.0,10.0,11.0,33.0,65.0,178.0,175.0,146.0
4.16,1386.0,11.0,5.0,7.0,14.0,38.0,85.0,146.0,356.0,359.0,365.0
3.95,1043.0,6.0,8.0,8.0,20.0,41.0,79.0,162.0,289.0,254.0,176.0
3.98,306.0,8.0,2.0,4.0,6.0,6.0,17.0,28.0,100.0,81.0,54.0
4.08,20503.0,60.0,92.0,120.0,330.0,568.0,1356.0,2546.0,5324.0,5610.0,4497.0
4.15,1629.0,11.0,12.0,16.0,35.0,51.0,80.0,150.0,348.0,362.0,564.0
4.0,551.0,5.0,3.0,4.0,9.0,20.0,50.0,74.0,131.0,127.0,128.0
4.13,31254.0,117.0,138.0,180.0,524.0,808.0,2015.0,3484.0,7398.0,8129.0,8461.0
4.06,554.0,6.0,6.0,1.0,18.0,16.0,44.0,78.0,143.0,102.0,140.0
4.04,812.0,3.0,7.0,5.0,10.0,24.0,67.0,128.0,215.0,146.0,207.0
4.06,724.0,3.0,3.0,4.0,16.0,22.0,54.0,100.0,183.0,166.0,173.0
4.01,1077.0,2.0,1.0,7.0,14.0,23.0,81.0,171.0,346.0,228.0,204.0
4.04,1198.0,5.0,9.0,5.0,23.0,45.0,80.0,157.0,305.0,306.0,263.0
4.18,2218.0,22.0,13.0,14.0,34.0,48.0,128.0,215.0,531.0,548.0,665.0
3.94,1613.0,13.0,18.0,10.0,34.0,53.0,141.0,255.0,407.0,319.0,363.0
4.03,5870.0,17.0,32.0,22.0,106.0,160.0,418.0,822.0,1743.0,1469.0,1081.0
3.97,1388.0,24.0,20.0,7.0,32.0,52.0,85.0,158.0,388.0,354.0,268.0
4.07,912.0,5.0,14.0,9.0,12.0,34.0,58.0,110.0,199.0,207.0,264.0
3.98,1504.0,9.0,6.0,8.0,14.0,36.0,116.0,218.0,558.0,338.0,201.0
4.03,12368.0,23.0,48.0,72.0,212.0,396.0,982.0,1680.0,3262.0,3126.0,2567.0
3.96,623.0,9.0,4.0,5.0,15.0,29.0,58.0,88.0,132.0,128.0,155.0
4.02,921.0,22.0,10.0,6.0,15.0,21.0,74.0,135.0,235.0,206.0,197.0
3.92,1184.0,5.0,12.0,7.0,23.0,37.0,113.0,176.0,365.0,250.0,196.0
4.02,681.0,4.0,3.0,4.0,19.0,28.0,60.0,91.0,174.0,146.0,152.0
3.79,24421.0,113.0,159.0,202.0,640.0,1141.0,2610.0,4360.0,6933.0,5338.0,2925.0
4.09,726.0,3.0,2.0,3.0,11.0,24.0,63.0,95.0,203.0,165.0,157.0
4.12,1300.0,3.0,5.0,4.0,23.0,42.0,89.0,173.0,325.0,294.0,342.0
3.99,9280.0,19.0,51.0,53.0,168.0,287.0,767.0,1403.0,2591.0,2410.0,1531.0
4.26,1548.0,3.0,10.0,16.0,20.0,28.0,74.0,141.0,307.0,376.0,573.0
4.0,332.0,2.0,3.0,1.0,3.0,15.0,32.0,49.0,103.0,64.0,60.0
4.01,2698.0,23.0,18.0,20.0,53.0,81.0,166.0,323.0,705.0,649.0,660.0
3.98,719.0,0.0,3.0,4.0,14.0,21.0,58.0,117.0,214.0,177.0,111.0
3.92,318.0,2.0,4.0,7.0,11.0,5.0,23.0,44.0,83.0,80.0,59.0
3.95,525.0,5.0,8.0,4.0,14.0,26.0,45.0,68.0,138.0,126.0,91.0
4.05,663.0,1.0,8.0,2.0,10.0,13.0,54.0,96.0,188.0,158.0,133.0
4.01,447.0,3.0,2.0,5.0,9.0,14.0,51.0,73.0,116.0,87.0,87.0
1.0,1.0,1.0,1.0,1.0,1.0,1.0,1.0,1.0,1.0,1.0,1.0
1.0,1.0,1.0,1.0,1.0,1.0,1.0,1.0,1.0,1.0,1.0,1.0
1.0,1.0,1.0,1.0,1.0,1.0,1.0,1.0,1.0,1.0,1.0,1.0
1.0,1.0,1.0,1.0,1.0,1.0,1.0,1.0,1.0,1.0,1.0,1.0
1.0,1.0,1.0,1.0,1.0,1.0,1.0,1.0,1.0,1.0,1.0,1.0
1.0,1.0,1.0,1.0,1.0,1.0,1.0,1.0,1.0,1.0,1.0,1.0
1.0,1.0,1.0,1.0,1.0,1.0,1.0,1.0,1.0,1.0,1.0,1.0
1.0,1.0,1.0,1.0,1.0,1.0,1.0,1.0,1.0,1.0,1.0,1.0
1.0,1.0,1.0,1.0,1.0,1.0,1.0,1.0,1.0,1.0,1.0,1.0
1.0,1.0,1.0,1.0,1.0,1.0,1.0,1.0,1.0,1.0,1.0,1.0
1.0,1.0,1.0,1.0,1.0,1.0,1.0,1.0,1.0,1.0,1.0,1.0
1.0,1.0,1.0,1.0,1.0,1.0,1.0,1.0,1.0,1.0,1.0,1.0
1.0,1.0,1.0,1.0,1.0,1.0,1.0,1.0,1.0,1.0,1.0,1.0
1.0,1.0,1.0,1.0,1.0,1.0,1.0,1.0,1.0,1.0,1.0,1.0
1.0,1.0,1.0,1.0,1.0,1.0,1.0,1.0,1.0,1.0,1.0,1.0
1.0,1.0,1.0,1.0,1.0,1.0,1.0,1.0,1.0,1.0,1.0,1.0
1.0,1.0,1.0,1.0,1.0,1.0,1.0,1.0,1.0,1.0,1.0,1.0
1.0,1.0,1.0,1.0,1.0,1.0,1.0,1.0,1.0,1.0,1.0,1.0
1.0,1.0,1.0,1.0,1.0,1.0,1.0,1.0,1.0,1.0,1.0,1.0
1.0,1.0,1.0,1.0,1.0,1.0,1.0,1.0,1.0,1.0,1.0,1.0
1.0,1.0,1.0,1.0,1.0,1.0,1.0,1.0,1.0,1.0,1.0,1.0
1.0,1.0,1.0,1.0,1.0,1.0,1.0,1.0,1.0,1.0,1.0,1.0
1.0,1.0,1.0,1.0,1.0,1.0,1.0,1.0,1.0,1.0,1.0,1.0
1.0,1.0,1.0,1.0,1.0,1.0,1.0,1.0,1.0,1.0,1.0,1.0
1.0,1.0,1.0,1.0,1.0,1.0,1.0,1.0,1.0,1.0,1.0,1.0
1.0,1.0,1.0,1.0,1.0,1.0,1.0,1.0,1.0,1.0,1.0,1.0
1.0,1.0,1.0,1.0,1.0,1.0,1.0,1.0,1.0,1.0,1.0,1.0
1.0,1.0,1.0,1.0,1.0,1.0,1.0,1.0,1.0,1.0,1.0,1.0
1.0,1.0,1.0,1.0,1.0,1.0,1.0,1.0,1.0,1.0,1.0,1.0
1.0,1.0,1.0,1.0,1.0,1.0,1.0,1.0,1.0,1.0,1.0,1.0
1.0,1.0,1.0,1.0,1.0,1.0,1.0,1.0,1.0,1.0,1.0,1.0
1.0,1.0,1.0,1.0,1.0,1.0,1.0,1.0,1.0,1.0,1.0,1.0
1.0,1.0,1.0,1.0,1.0,1.0,1.0,1.0,1.0,1.0,1.0,1.0
1.0,1.0,1.0,1.0,1.0,1.0,1.0,1.0,1.0,1.0,1.0,1.0
1.0,1.0,1.0,1.0,1.0,1.0,1.0,1.0,1.0,1.0,1.0,1.0
1.0,1.0,1.0,1.0,1.0,1.0,1.0,1.0,1.0,1.0,1.0,1.0
1.0,1.0,1.0,1.0,1.0,1.0,1.0,1.0,1.0,1.0,1.0,1.0
1.0,1.0,1.0,1.0,1.0,1.0,1.0,1.0,1.0,1.0,1.0,1.0
1.0,1.0,1.0,1.0,1.0,1.0,1.0,1.0,1.0,1.0,1.0,1.0
1.0,1.0,1.0,1.0,1.0,1.0,1.0,1.0,1.0,1.0,1.0,1.0
1.0,1.0,1.0,1.0,1.0,1.0,1.0,1.0,1.0,1.0,1.0,1.0
1.0,1.0,1.0,1.0,1.0,1.0,1.0,1.0,1.0,1.0,1.0,1.0
1.0,1.0,1.0,1.0,1.0,1.0,1.0,1.0,1.0,1.0,1.0,1.0
1.0,1.0,1.0,1.0,1.0,1.0,1.0,1.0,1.0,1.0,1.0,1.0
1.0,1.0,1.0,1.0,1.0,1.0,1.0,1.0,1.0,1.0,1.0,1.0
1.0,1.0,1.0,1.0,1.0,1.0,1.0,1.0,1.0,1.0,1.0,1.0
1.0,1.0,1.0,1.0,1.0,1.0,1.0,1.0,1.0,1.0,1.0,1.0
1.0,1.0,1.0,1.0,1.0,1.0,1.0,1.0,1.0,1.0,1.0,1.0
1.0,1.0,1.0,1.0,1.0,1.0,1.0,1.0,1.0,1.0,1.0,1.0
1.0,1.0,1.0,1.0,1.0,1.0,1.0,1.0,1.0,1.0,1.0,1.0
1.0,1.0,1.0,1.0,1.0,1.0,1.0,1.0,1.0,1.0,1.0,1.0
1.0,1.0,1.0,1.0,1.0,1.0,1.0,1.0,1.0,1.0,1.0,1.0
1.0,1.0,1.0,1.0,1.0,1.0,1.0,1.0,1.0,1.0,1.0,1.0
1.0,1.0,1.0,1.0,1.0,1.0,1.0,1.0,1.0,1.0,1.0,1.0
1.0,1.0,1.0,1.0,1.0,1.0,1.0,1.0,1.0,1.0,1.0,1.0
1.0,1.0,1.0,1.0,1.0,1.0,1.0,1.0,1.0,1.0,1.0,1.0
1.0,1.0,1.0,1.0,1.0,1.0,1.0,1.0,1.0,1.0,1.0,1.0
1.0,1.0,1.0,1.0,1.0,1.0,1.0,1.0,1.0,1.0,1.0,1.0
1.0,1.0,1.0,1.0,1.0,1.0,1.0,1.0,1.0,1.0,1.0,1.0
1.0,1.0,1.0,1.0,1.0,1.0,1.0,1.0,1.0,1.0,1.0,1.0
1.0,1.0,1.0,1.0,1.0,1.0,1.0,1.0,1.0,1.0,1.0,1.0
1.0,1.0,1.0,1.0,1.0,1.0,1.0,1.0,1.0,1.0,1.0,1.0
1.0,1.0,1.0,1.0,1.0,1.0,1.0,1.0,1.0,1.0,1.0,1.0
1.0,1.0,1.0,1.0,1.0,1.0,1.0,1.0,1.0,1.0,1.0,1.0
1.0,1.0,1.0,1.0,1.0,1.0,1.0,1.0,1.0,1.0,1.0,1.0
1.0,1.0,1.0,1.0,1.0,1.0,1.0,1.0,1.0,1.0,1.0,1.0
1.0,1.0,1.0,1.0,1.0,1.0,1.0,1.0,1.0,1.0,1.0,1.0
1.0,1.0,1.0,1.0,1.0,1.0,1.0,1.0,1.0,1.0,1.0,1.0
1.0,1.0,1.0,1.0,1.0,1.0,1.0,1.0,1.0,1.0,1.0,1.0
1.0,1.0,1.0,1.0,1.0,1.0,1.0,1.0,1.0,1.0,1.0,1.0
1.0,1.0,1.0,1.0,1.0,1.0,1.0,1.0,1.0,1.0,1.0,1.0
1.0,1.0,1.0,1.0,1.0,1.0,1.0,1.0,1.0,1.0,1.0,1.0
1.0,1.0,1.0,1.0,1.0,1.0,1.0,1.0,1.0,1.0,1.0,1.0
1.0,1.0,1.0,1.0,1.0,1.0,1.0,1.0,1.0,1.0,1.0,1.0
1.0,1.0,1.0,1.0,1.0,1.0,1.0,1.0,1.0,1.0,1.0,1.0
1.0,1.0,1.0,1.0,1.0,1.0,1.0,1.0,1.0,1.0,1.0,1.0
1.0,1.0,1.0,1.0,1.0,1.0,1.0,1.0,1.0,1.0,1.0,1.0
1.0,1.0,1.0,1.0,1.0,1.0,1.0,1.0,1.0,1.0,1.0,1.0
1.0,1.0,1.0,1.0,1.0,1.0,1.0,1.0,1.0,1.0,1.0,1.0
1.0,1.0,1.0,1.0,1.0,1.0,1.0,1.0,1.0,1.0,1.0,1.0
1.0,1.0,1.0,1.0,1.0,1.0,1.0,1.0,1.0,1.0,1.0,1.0
1.0,1.0,1.0,1.0,1.0,1.0,1.0,1.0,1.0,1.0,1.0,1.0
1.0,1.0,1.0,1.0,1.0,1.0,1.0,1.0,1.0,1.0,1.0,1.0
1.0,1.0,1.0,1.0,1.0,1.0,1.0,1.0,1.0,1.0,1.0,1.0
1.0,1.0,1.0,1.0,1.0,1.0,1.0,1.0,1.0,1.0,1.0,1.0
1.0,1.0,1.0,1.0,1.0,1.0,1.0,1.0,1.0,1.0,1.0,1.0
1.0,1.0,1.0,1.0,1.0,1.0,1.0,1.0,1.0,1.0,1.0,1.0
1.0,1.0,1.0,1.0,1.0,1.0,1.0,1.0,1.0,1.0,1.0,1.0
1.0,1.0,1.0,1.0,1.0,1.0,1.0,1.0,1.0,1.0,1.0,1.0
1.0,1.0,1.0,1.0,1.0,1.0,1.0,1.0,1.0,1.0,1.0,1.0
1.0,1.0,1.0,1.0,1.0,1.0,1.0,1.0,1.0,1.0,1.0,1.0
1.0,1.0,1.0,1.0,1.0,1.0,1.0,1.0,1.0,1.0,1.0,1.0
1.0,1.0,1.0,1.0,1.0,1.0,1.0,1.0,1.0,1.0,1.0,1.0
1.0,1.0,1.0,1.0,1.0,1.0,1.0,1.0,1.0,1.0,1.0,1.0
1.0,1.0,1.0,1.0,1.0,1.0,1.0,1.0,1.0,1.0,1.0,1.0
1.0,1.0,1.0,1.0,1.0,1.0,1.0,1.0,1.0,1.0,1.0,1.0
1.0,1.0,1.0,1.0,1.0,1.0,1.0,1.0,1.0,1.0,1.0,1.0
1.0,1.0,1.0,1.0,1.0,1.0,1.0,1.0,1.0,1.0,1.0,1.0
1.0,1.0,1.0,1.0,1.0,1.0,1.0,1.0,1.0,1.0,1.0,1.0
1.0,1.0,1.0,1.0,1.0,1.0,1.0,1.0,1.0,1.0,1.0,1.0
1.0,1.0,1.0,1.0,1.0,1.0,1.0,1.0,1.0,1.0,1.0,1.0
1.0,1.0,1.0,1.0,1.0,1.0,1.0,1.0,1.0,1.0,1.0,1.0
1.0,1.0,1.0,1.0,1.0,1.0,1.0,1.0,1.0,1.0,1.0,1.0
1.0,1.0,1.0,1.0,1.0,1.0,1.0,1.0,1.0,1.0,1.0,1.0
1.0,1.0,1.0,1.0,1.0,1.0,1.0,1.0,1.0,1.0,1.0,1.0
1.0,1.0,1.0,1.0,1.0,1.0,1.0,1.0,1.0,1.0,1.0,1.0
1.0,1.0,1.0,1.0,1.0,1.0,1.0,1.0,1.0,1.0,1.0,1.0
1.0,1.0,1.0,1.0,1.0,1.0,1.0,1.0,1.0,1.0,1.0,1.0
1.0,1.0,1.0,1.0,1.0,1.0,1.0,1.0,1.0,1.0,1.0,1.0
1.0,1.0,1.0,1.0,1.0,1.0,1.0,1.0,1.0,1.0,1.0,1.0
1.0,1.0,1.0,1.0,1.0,1.0,1.0,1.0,1.0,1.0,1.0,1.0
1.0,1.0,1.0,1.0,1.0,1.0,1.0,1.0,1.0,1.0,1.0,1.0
1.0,1.0,1.0,1.0,1.0,1.0,1.0,1.0,1.0,1.0,1.0,1.0
1.0,1.0,1.0,1.0,1.0,1.0,1.0,1.0,1.0,1.0,1.0,1.0
1.0,1.0,1.0,1.0,1.0,1.0,1.0,1.0,1.0,1.0,1.0,1.0
1.0,1.0,1.0,1.0,1.0,1.0,1.0,1.0,1.0,1.0,1.0,1.0
1.0,1.0,1.0,1.0,1.0,1.0,1.0,1.0,1.0,1.0,1.0,1.0
1.0,1.0,1.0,1.0,1.0,1.0,1.0,1.0,1.0,1.0,1.0,1.0
1.0,1.0,1.0,1.0,1.0,1.0,1.0,1.0,1.0,1.0,1.0,1.0
1.0,1.0,1.0,1.0,1.0,1.0,1.0,1.0,1.0,1.0,1.0,1.0
1.0,1.0,1.0,1.0,1.0,1.0,1.0,1.0,1.0,1.0,1.0,1.0
1.0,1.0,1.0,1.0,1.0,1.0,1.0,1.0,1.0,1.0,1.0,1.0
1.0,1.0,1.0,1.0,1.0,1.0,1.0,1.0,1.0,1.0,1.0,1.0
1.0,1.0,1.0,1.0,1.0,1.0,1.0,1.0,1.0,1.0,1.0,1.0
1.0,1.0,1.0,1.0,1.0,1.0,1.0,1.0,1.0,1.0,1.0,1.0
1.0,1.0,1.0,1.0,1.0,1.0,1.0,1.0,1.0,1.0,1.0,1.0
1.0,1.0,1.0,1.0,1.0,1.0,1.0,1.0,1.0,1.0,1.0,1.0
1.0,1.0,1.0,1.0,1.0,1.0,1.0,1.0,1.0,1.0,1.0,1.0
1.0,1.0,1.0,1.0,1.0,1.0,1.0,1.0,1.0,1.0,1.0,1.0
1.0,1.0,1.0,1.0,1.0,1.0,1.0,1.0,1.0,1.0,1.0,1.0
1.0,1.0,1.0,1.0,1.0,1.0,1.0,1.0,1.0,1.0,1.0,1.0
1.0,1.0,1.0,1.0,1.0,1.0,1.0,1.0,1.0,1.0,1.0,1.0
1.0,1.0,1.0,1.0,1.0,1.0,1.0,1.0,1.0,1.0,1.0,1.0
1.0,1.0,1.0,1.0,1.0,1.0,1.0,1.0,1.0,1.0,1.0,1.0
1.0,1.0,1.0,1.0,1.0,1.0,1.0,1.0,1.0,1.0,1.0,1.0
1.0,1.0,1.0,1.0,1.0,1.0,1.0,1.0,1.0,1.0,1.0,1.0
1.0,1.0,1.0,1.0,1.0,1.0,1.0,1.0,1.0,1.0,1.0,1.0
1.0,1.0,1.0,1.0,1.0,1.0,1.0,1.0,1.0,1.0,1.0,1.0
1.0,1.0,1.0,1.0,1.0,1.0,1.0,1.0,1.0,1.0,1.0,1.0
1.0,1.0,1.0,1.0,1.0,1.0,1.0,1.0,1.0,1.0,1.0,1.0
1.0,1.0,1.0,1.0,1.0,1.0,1.0,1.0,1.0,1.0,1.0,1.0
1.0,1.0,1.0,1.0,1.0,1.0,1.0,1.0,1.0,1.0,1.0,1.0
1.0,1.0,1.0,1.0,1.0,1.0,1.0,1.0,1.0,1.0,1.0,1.0
1.0,1.0,1.0,1.0,1.0,1.0,1.0,1.0,1.0,1.0,1.0,1.0
1.0,1.0,1.0,1.0,1.0,1.0,1.0,1.0,1.0,1.0,1.0,1.0
1.0,1.0,1.0,1.0,1.0,1.0,1.0,1.0,1.0,1.0,1.0,1.0
1.0,1.0,1.0,1.0,1.0,1.0,1.0,1.0,1.0,1.0,1.0,1.0
1.0,1.0,1.0,1.0,1.0,1.0,1.0,1.0,1.0,1.0,1.0,1.0
1.0,1.0,1.0,1.0,1.0,1.0,1.0,1.0,1.0,1.0,1.0,1.0
1.0,1.0,1.0,1.0,1.0,1.0,1.0,1.0,1.0,1.0,1.0,1.0
1.0,1.0,1.0,1.0,1.0,1.0,1.0,1.0,1.0,1.0,1.0,1.0
1.0,1.0,1.0,1.0,1.0,1.0,1.0,1.0,1.0,1.0,1.0,1.0
1.0,1.0,1.0,1.0,1.0,1.0,1.0,1.0,1.0,1.0,1.0,1.0
1.0,1.0,1.0,1.0,1.0,1.0,1.0,1.0,1.0,1.0,1.0,1.0
1.0,1.0,1.0,1.0,1.0,1.0,1.0,1.0,1.0,1.0,1.0,1.0
1.0,1.0,1.0,1.0,1.0,1.0,1.0,1.0,1.0,1.0,1.0,1.0
1.0,1.0,1.0,1.0,1.0,1.0,1.0,1.0,1.0,1.0,1.0,1.0
1.0,1.0,1.0,1.0,1.0,1.0,1.0,1.0,1.0,1.0,1.0,1.0
1.0,1.0,1.0,1.0,1.0,1.0,1.0,1.0,1.0,1.0,1.0,1.0
1.0,1.0,1.0,1.0,1.0,1.0,1.0,1.0,1.0,1.0,1.0,1.0
1.0,1.0,1.0,1.0,1.0,1.0,1.0,1.0,1.0,1.0,1.0,1.0
1.0,1.0,1.0,1.0,1.0,1.0,1.0,1.0,1.0,1.0,1.0,1.0
1.0,1.0,1.0,1.0,1.0,1.0,1.0,1.0,1.0,1.0,1.0,1.0
1.0,1.0,1.0,1.0,1.0,1.0,1.0,1.0,1.0,1.0,1.0,1.0
1.0,1.0,1.0,1.0,1.0,1.0,1.0,1.0,1.0,1.0,1.0,1.0
1.0,1.0,1.0,1.0,1.0,1.0,1.0,1.0,1.0,1.0,1.0,1.0
1.0,1.0,1.0,1.0,1.0,1.0,1.0,1.0,1.0,1.0,1.0,1.0
1.0,1.0,1.0,1.0,1.0,1.0,1.0,1.0,1.0,1.0,1.0,1.0
1.0,1.0,1.0,1.0,1.0,1.0,1.0,1.0,1.0,1.0,1.0,1.0
1.0,1.0,1.0,1.0,1.0,1.0,1.0,1.0,1.0,1.0,1.0,1.0
1.0,1.0,1.0,1.0,1.0,1.0,1.0,1.0,1.0,1.0,1.0,1.0
1.0,1.0,1.0,1.0,1.0,1.0,1.0,1.0,1.0,1.0,1.0,1.0
1.0,1.0,1.0,1.0,1.0,1.0,1.0,1.0,1.0,1.0,1.0,1.0
1.0,1.0,1.0,1.0,1.0,1.0,1.0,1.0,1.0,1.0,1.0,1.0
1.0,1.0,1.0,1.0,1.0,1.0,1.0,1.0,1.0,1.0,1.0,1.0
1.0,1.0,1.0,1.0,1.0,1.0,1.0,1.0,1.0,1.0,1.0,1.0
1.0,1.0,1.0,1.0,1.0,1.0,1.0,1.0,1.0,1.0,1.0,1.0
1.0,1.0,1.0,1.0,1.0,1.0,1.0,1.0,1.0,1.0,1.0,1.0
1.0,1.0,1.0,1.0,1.0,1.0,1.0,1.0,1.0,1.0,1.0,1.0
1.0,1.0,1.0,1.0,1.0,1.0,1.0,1.0,1.0,1.0,1.0,1.0
1.0,1.0,1.0,1.0,1.0,1.0,1.0,1.0,1.0,1.0,1.0,1.0
1.0,1.0,1.0,1.0,1.0,1.0,1.0,1.0,1.0,1.0,1.0,1.0
1.0,1.0,1.0,1.0,1.0,1.0,1.0,1.0,1.0,1.0,1.0,1.0
1.0,1.0,1.0,1.0,1.0,1.0,1.0,1.0,1.0,1.0,1.0,1.0
1.0,1.0,1.0,1.0,1.0,1.0,1.0,1.0,1.0,1.0,1.0,1.0
1.0,1.0,1.0,1.0,1.0,1.0,1.0,1.0,1.0,1.0,1.0,1.0
1.0,1.0,1.0,1.0,1.0,1.0,1.0,1.0,1.0,1.0,1.0,1.0
1.0,1.0,1.0,1.0,1.0,1.0,1.0,1.0,1.0,1.0,1.0,1.0
1.0,1.0,1.0,1.0,1.0,1.0,1.0,1.0,1.0,1.0,1.0,1.0
1.0,1.0,1.0,1.0,1.0,1.0,1.0,1.0,1.0,1.0,1.0,1.0
1.0,1.0,1.0,1.0,1.0,1.0,1.0,1.0,1.0,1.0,1.0,1.0
1.0,1.0,1.0,1.0,1.0,1.0,1.0,1.0,1.0,1.0,1.0,1.0
1.0,1.0,1.0,1.0,1.0,1.0,1.0,1.0,1.0,1.0,1.0,1.0
1.0,1.0,1.0,1.0,1.0,1.0,1.0,1.0,1.0,1.0,1.0,1.0
1.0,1.0,1.0,1.0,1.0,1.0,1.0,1.0,1.0,1.0,1.0,1.0
1.0,1.0,1.0,1.0,1.0,1.0,1.0,1.0,1.0,1.0,1.0,1.0
1.0,1.0,1.0,1.0,1.0,1.0,1.0,1.0,1.0,1.0,1.0,1.0
1.0,1.0,1.0,1.0,1.0,1.0,1.0,1.0,1.0,1.0,1.0,1.0
1.0,1.0,1.0,1.0,1.0,1.0,1.0,1.0,1.0,1.0,1.0,1.0
1.0,1.0,1.0,1.0,1.0,1.0,1.0,1.0,1.0,1.0,1.0,1.0
1.0,1.0,1.0,1.0,1.0,1.0,1.0,1.0,1.0,1.0,1.0,1.0
1.0,1.0,1.0,1.0,1.0,1.0,1.0,1.0,1.0,1.0,1.0,1.0
1.0,1.0,1.0,1.0,1.0,1.0,1.0,1.0,1.0,1.0,1.0,1.0
1.0,1.0,1.0,1.0,1.0,1.0,1.0,1.0,1.0,1.0,1.0,1.0
1.0,1.0,1.0,1.0,1.0,1.0,1.0,1.0,1.0,1.0,1.0,1.0
1.0,1.0,1.0,1.0,1.0,1.0,1.0,1.0,1.0,1.0,1.0,1.0
1.0,1.0,1.0,1.0,1.0,1.0,1.0,1.0,1.0,1.0,1.0,1.0
1.0,1.0,1.0,1.0,1.0,1.0,1.0,1.0,1.0,1.0,1.0,1.0
1.0,1.0,1.0,1.0,1.0,1.0,1.0,1.0,1.0,1.0,1.0,1.0
1.0,1.0,1.0,1.0,1.0,1.0,1.0,1.0,1.0,1.0,1.0,1.0
1.0,1.0,1.0,1.0,1.0,1.0,1.0,1.0,1.0,1.0,1.0,1.0
1.0,1.0,1.0,1.0,1.0,1.0,1.0,1.0,1.0,1.0,1.0,1.0
1.0,1.0,1.0,1.0,1.0,1.0,1.0,1.0,1.0,1.0,1.0,1.0
1.0,1.0,1.0,1.0,1.0,1.0,1.0,1.0,1.0,1.0,1.0,1.0
1.0,1.0,1.0,1.0,1.0,1.0,1.0,1.0,1.0,1.0,1.0,1.0
1.0,1.0,1.0,1.0,1.0,1.0,1.0,1.0,1.0,1.0,1.0,1.0
1.0,1.0,1.0,1.0,1.0,1.0,1.0,1.0,1.0,1.0,1.0,1.0
1.0,1.0,1.0,1.0,1.0,1.0,1.0,1.0,1.0,1.0,1.0,1.0
1.0,1.0,1.0,1.0,1.0,1.0,1.0,1.0,1.0,1.0,1.0,1.0
1.0,1.0,1.0,1.0,1.0,1.0,1.0,1.0,1.0,1.0,1.0,1.0
1.0,1.0,1.0,1.0,1.0,1.0,1.0,1.0,1.0,1.0,1.0,1.0
1.0,1.0,1.0,1.0,1.0,1.0,1.0,1.0,1.0,1.0,1.0,1.0
1.0,1.0,1.0,1.0,1.0,1.0,1.0,1.0,1.0,1.0,1.0,1.0
1.0,1.0,1.0,1.0,1.0,1.0,1.0,1.0,1.0,1.0,1.0,1.0
1.0,1.0,1.0,1.0,1.0,1.0,1.0,1.0,1.0,1.0,1.0,1.0
1.0,1.0,1.0,1.0,1.0,1.0,1.0,1.0,1.0,1.0,1.0,1.0
1.0,1.0,1.0,1.0,1.0,1.0,1.0,1.0,1.0,1.0,1.0,1.0
1.0,1.0,1.0,1.0,1.0,1.0,1.0,1.0,1.0,1.0,1.0,1.0
1.0,1.0,1.0,1.0,1.0,1.0,1.0,1.0,1.0,1.0,1.0,1.0
1.0,1.0,1.0,1.0,1.0,1.0,1.0,1.0,1.0,1.0,1.0,1.0
1.0,1.0,1.0,1.0,1.0,1.0,1.0,1.0,1.0,1.0,1.0,1.0
1.0,1.0,1.0,1.0,1.0,1.0,1.0,1.0,1.0,1.0,1.0,1.0
1.0,1.0,1.0,1.0,1.0,1.0,1.0,1.0,1.0,1.0,1.0,1.0
1.0,1.0,1.0,1.0,1.0,1.0,1.0,1.0,1.0,1.0,1.0,1.0
1.0,1.0,1.0,1.0,1.0,1.0,1.0,1.0,1.0,1.0,1.0,1.0
1.0,1.0,1.0,1.0,1.0,1.0,1.0,1.0,1.0,1.0,1.0,1.0
1.0,1.0,1.0,1.0,1.0,1.0,1.0,1.0,1.0,1.0,1.0,1.0
1.0,1.0,1.0,1.0,1.0,1.0,1.0,1.0,1.0,1.0,1.0,1.0
1.0,1.0,1.0,1.0,1.0,1.0,1.0,1.0,1.0,1.0,1.0,1.0
1.0,1.0,1.0,1.0,1.0,1.0,1.0,1.0,1.0,1.0,1.0,1.0
1.0,1.0,1.0,1.0,1.0,1.0,1.0,1.0,1.0,1.0,1.0,1.0
1.0,1.0,1.0,1.0,1.0,1.0,1.0,1.0,1.0,1.0,1.0,1.0
1.0,1.0,1.0,1.0,1.0,1.0,1.0,1.0,1.0,1.0,1.0,1.0
1.0,1.0,1.0,1.0,1.0,1.0,1.0,1.0,1.0,1.0,1.0,1.0
1.0,1.0,1.0,1.0,1.0,1.0,1.0,1.0,1.0,1.0,1.0,1.0
1.0,1.0,1.0,1.0,1.0,1.0,1.0,1.0,1.0,1.0,1.0,1.0
1.0,1.0,1.0,1.0,1.0,1.0,1.0,1.0,1.0,1.0,1.0,1.0
1.0,1.0,1.0,1.0,1.0,1.0,1.0,1.0,1.0,1.0,1.0,1.0
1.0,1.0,1.0,1.0,1.0,1.0,1.0,1.0,1.0,1.0,1.0,1.0
1.0,1.0,1.0,1.0,1.0,1.0,1.0,1.0,1.0,1.0,1.0,1.0
1.0,1.0,1.0,1.0,1.0,1.0,1.0,1.0,1.0,1.0,1.0,1.0
1.0,1.0,1.0,1.0,1.0,1.0,1.0,1.0,1.0,1.0,1.0,1.0
1.0,1.0,1.0,1.0,1.0,1.0,1.0,1.0,1.0,1.0,1.0,1.0
1.0,1.0,1.0,1.0,1.0,1.0,1.0,1.0,1.0,1.0,1.0,1.0
1.0,1.0,1.0,1.0,1.0,1.0,1.0,1.0,1.0,1.0,1.0,1.0
1.0,1.0,1.0,1.0,1.0,1.0,1.0,1.0,1.0,1.0,1.0,1.0
1.0,1.0,1.0,1.0,1.0,1.0,1.0,1.0,1.0,1.0,1.0,1.0
1.0,1.0,1.0,1.0,1.0,1.0,1.0,1.0,1.0,1.0,1.0,1.0
1.0,1.0,1.0,1.0,1.0,1.0,1.0,1.0,1.0,1.0,1.0,1.0
1.0,1.0,1.0,1.0,1.0,1.0,1.0,1.0,1.0,1.0,1.0,1.0
1.0,1.0,1.0,1.0,1.0,1.0,1.0,1.0,1.0,1.0,1.0,1.0
1.0,1.0,1.0,1.0,1.0,1.0,1.0,1.0,1.0,1.0,1.0,1.0
1.0,1.0,1.0,1.0,1.0,1.0,1.0,1.0,1.0,1.0,1.0,1.0
1.0,1.0,1.0,1.0,1.0,1.0,1.0,1.0,1.0,1.0,1.0,1.0
1.0,1.0,1.0,1.0,1.0,1.0,1.0,1.0,1.0,1.0,1.0,1.0
1.0,1.0,1.0,1.0,1.0,1.0,1.0,1.0,1.0,1.0,1.0,1.0
1.0,1.0,1.0,1.0,1.0,1.0,1.0,1.0,1.0,1.0,1.0,1.0
1.0,1.0,1.0,1.0,1.0,1.0,1.0,1.0,1.0,1.0,1.0,1.0
1.0,1.0,1.0,1.0,1.0,1.0,1.0,1.0,1.0,1.0,1.0,1.0
1.0,1.0,1.0,1.0,1.0,1.0,1.0,1.0,1.0,1.0,1.0,1.0
1.0,1.0,1.0,1.0,1.0,1.0,1.0,1.0,1.0,1.0,1.0,1.0
1.0,1.0,1.0,1.0,1.0,1.0,1.0,1.0,1.0,1.0,1.0,1.0
1.0,1.0,1.0,1.0,1.0,1.0,1.0,1.0,1.0,1.0,1.0,1.0
1.0,1.0,1.0,1.0,1.0,1.0,1.0,1.0,1.0,1.0,1.0,1.0
1.0,1.0,1.0,1.0,1.0,1.0,1.0,1.0,1.0,1.0,1.0,1.0
1.0,1.0,1.0,1.0,1.0,1.0,1.0,1.0,1.0,1.0,1.0,1.0
1.0,1.0,1.0,1.0,1.0,1.0,1.0,1.0,1.0,1.0,1.0,1.0
1.0,1.0,1.0,1.0,1.0,1.0,1.0,1.0,1.0,1.0,1.0,1.0
1.0,1.0,1.0,1.0,1.0,1.0,1.0,1.0,1.0,1.0,1.0,1.0
1.0,1.0,1.0,1.0,1.0,1.0,1.0,1.0,1.0,1.0,1.0,1.0
1.0,1.0,1.0,1.0,1.0,1.0,1.0,1.0,1.0,1.0,1.0,1.0
1.0,1.0,1.0,1.0,1.0,1.0,1.0,1.0,1.0,1.0,1.0,1.0
1.0,1.0,1.0,1.0,1.0,1.0,1.0,1.0,1.0,1.0,1.0,1.0
1.0,1.0,1.0,1.0,1.0,1.0,1.0,1.0,1.0,1.0,1.0,1.0
1.0,1.0,1.0,1.0,1.0,1.0,1.0,1.0,1.0,1.0,1.0,1.0
1.0,1.0,1.0,1.0,1.0,1.0,1.0,1.0,1.0,1.0,1.0,1.0
1.0,1.0,1.0,1.0,1.0,1.0,1.0,1.0,1.0,1.0,1.0,1.0
1.0,1.0,1.0,1.0,1.0,1.0,1.0,1.0,1.0,1.0,1.0,1.0
1.0,1.0,1.0,1.0,1.0,1.0,1.0,1.0,1.0,1.0,1.0,1.0
1.0,1.0,1.0,1.0,1.0,1.0,1.0,1.0,1.0,1.0,1.0,1.0
1.0,1.0,1.0,1.0,1.0,1.0,1.0,1.0,1.0,1.0,1.0,1.0
1.0,1.0,1.0,1.0,1.0,1.0,1.0,1.0,1.0,1.0,1.0,1.0
1.0,1.0,1.0,1.0,1.0,1.0,1.0,1.0,1.0,1.0,1.0,1.0
1.0,1.0,1.0,1.0,1.0,1.0,1.0,1.0,1.0,1.0,1.0,1.0
1.0,1.0,1.0,1.0,1.0,1.0,1.0,1.0,1.0,1.0,1.0,1.0
1.0,1.0,1.0,1.0,1.0,1.0,1.0,1.0,1.0,1.0,1.0,1.0
1.0,1.0,1.0,1.0,1.0,1.0,1.0,1.0,1.0,1.0,1.0,1.0
1.0,1.0,1.0,1.0,1.0,1.0,1.0,1.0,1.0,1.0,1.0,1.0
1.0,1.0,1.0,1.0,1.0,1.0,1.0,1.0,1.0,1.0,1.0,1.0
1.0,1.0,1.0,1.0,1.0,1.0,1.0,1.0,1.0,1.0,1.0,1.0
1.0,1.0,1.0,1.0,1.0,1.0,1.0,1.0,1.0,1.0,1.0,1.0
1.0,1.0,1.0,1.0,1.0,1.0,1.0,1.0,1.0,1.0,1.0,1.0
1.0,1.0,1.0,1.0,1.0,1.0,1.0,1.0,1.0,1.0,1.0,1.0
1.0,1.0,1.0,1.0,1.0,1.0,1.0,1.0,1.0,1.0,1.0,1.0
1.0,1.0,1.0,1.0,1.0,1.0,1.0,1.0,1.0,1.0,1.0,1.0
1.0,1.0,1.0,1.0,1.0,1.0,1.0,1.0,1.0,1.0,1.0,1.0
1.0,1.0,1.0,1.0,1.0,1.0,1.0,1.0,1.0,1.0,1.0,1.0
1.0,1.0,1.0,1.0,1.0,1.0,1.0,1.0,1.0,1.0,1.0,1.0
1.0,1.0,1.0,1.0,1.0,1.0,1.0,1.0,1.0,1.0,1.0,1.0
1.0,1.0,1.0,1.0,1.0,1.0,1.0,1.0,1.0,1.0,1.0,1.0
1.0,1.0,1.0,1.0,1.0,1.0,1.0,1.0,1.0,1.0,1.0,1.0
1.0,1.0,1.0,1.0,1.0,1.0,1.0,1.0,1.0,1.0,1.0,1.0
1.0,1.0,1.0,1.0,1.0,1.0,1.0,1.0,1.0,1.0,1.0,1.0
1.0,1.0,1.0,1.0,1.0,1.0,1.0,1.0,1.0,1.0,1.0,1.0
1.0,1.0,1.0,1.0,1.0,1.0,1.0,1.0,1.0,1.0,1.0,1.0
1.0,1.0,1.0,1.0,1.0,1.0,1.0,1.0,1.0,1.0,1.0,1.0
1.0,1.0,1.0,1.0,1.0,1.0,1.0,1.0,1.0,1.0,1.0,1.0
1.0,1.0,1.0,1.0,1.0,1.0,1.0,1.0,1.0,1.0,1.0,1.0
1.0,1.0,1.0,1.0,1.0,1.0,1.0,1.0,1.0,1.0,1.0,1.0
1.0,1.0,1.0,1.0,1.0,1.0,1.0,1.0,1.0,1.0,1.0,1.0
1.0,1.0,1.0,1.0,1.0,1.0,1.0,1.0,1.0,1.0,1.0,1.0
1.0,1.0,1.0,1.0,1.0,1.0,1.0,1.0,1.0,1.0,1.0,1.0
1.0,1.0,1.0,1.0,1.0,1.0,1.0,1.0,1.0,1.0,1.0,1.0
1.0,1.0,1.0,1.0,1.0,1.0,1.0,1.0,1.0,1.0,1.0,1.0
1.0,1.0,1.0,1.0,1.0,1.0,1.0,1.0,1.0,1.0,1.0,1.0
1.0,1.0,1.0,1.0,1.0,1.0,1.0,1.0,1.0,1.0,1.0,1.0
1.0,1.0,1.0,1.0,1.0,1.0,1.0,1.0,1.0,1.0,1.0,1.0
1.0,1.0,1.0,1.0,1.0,1.0,1.0,1.0,1.0,1.0,1.0,1.0
1.0,1.0,1.0,1.0,1.0,1.0,1.0,1.0,1.0,1.0,1.0,1.0
1.0,1.0,1.0,1.0,1.0,1.0,1.0,1.0,1.0,1.0,1.0,1.0
1.0,1.0,1.0,1.0,1.0,1.0,1.0,1.0,1.0,1.0,1.0,1.0
1.0,1.0,1.0,1.0,1.0,1.0,1.0,1.0,1.0,1.0,1.0,1.0
1.0,1.0,1.0,1.0,1.0,1.0,1.0,1.0,1.0,1.0,1.0,1.0
1.0,1.0,1.0,1.0,1.0,1.0,1.0,1.0,1.0,1.0,1.0,1.0
1.0,1.0,1.0,1.0,1.0,1.0,1.0,1.0,1.0,1.0,1.0,1.0
1.0,1.0,1.0,1.0,1.0,1.0,1.0,1.0,1.0,1.0,1.0,1.0
1.0,1.0,1.0,1.0,1.0,1.0,1.0,1.0,1.0,1.0,1.0,1.0
1.0,1.0,1.0,1.0,1.0,1.0,1.0,1.0,1.0,1.0,1.0,1.0
1.0,1.0,1.0,1.0,1.0,1.0,1.0,1.0,1.0,1.0,1.0,1.0
1.0,1.0,1.0,1.0,1.0,1.0,1.0,1.0,1.0,1.0,1.0,1.0
1.0,1.0,1.0,1.0,1.0,1.0,1.0,1.0,1.0,1.0,1.0,1.0
1.0,1.0,1.0,1.0,1.0,1.0,1.0,1.0,1.0,1.0,1.0,1.0
1.0,1.0,1.0,1.0,1.0,1.0,1.0,1.0,1.0,1.0,1.0,1.0
1.0,1.0,1.0,1.0,1.0,1.0,1.0,1.0,1.0,1.0,1.0,1.0
1.0,1.0,1.0,1.0,1.0,1.0,1.0,1.0,1.0,1.0,1.0,1.0
1.0,1.0,1.0,1.0,1.0,1.0,1.0,1.0,1.0,1.0,1.0,1.0
1.0,1.0,1.0,1.0,1.0,1.0,1.0,1.0,1.0,1.0,1.0,1.0
1.0,1.0,1.0,1.0,1.0,1.0,1.0,1.0,1.0,1.0,1.0,1.0
1.0,1.0,1.0,1.0,1.0,1.0,1.0,1.0,1.0,1.0,1.0,1.0
1.0,1.0,1.0,1.0,1.0,1.0,1.0,1.0,1.0,1.0,1.0,1.0
1.0,1.0,1.0,1.0,1.0,1.0,1.0,1.0,1.0,1.0,1.0,1.0
1.0,1.0,1.0,1.0,1.0,1.0,1.0,1.0,1.0,1.0,1.0,1.0
1.0,1.0,1.0,1.0,1.0,1.0,1.0,1.0,1.0,1.0,1.0,1.0
1.0,1.0,1.0,1.0,1.0,1.0,1.0,1.0,1.0,1.0,1.0,1.0
1.0,1.0,1.0,1.0,1.0,1.0,1.0,1.0,1.0,1.0,1.0,1.0
1.0,1.0,1.0,1.0,1.0,1.0,1.0,1.0,1.0,1.0,1.0,1.0
1.0,1.0,1.0,1.0,1.0,1.0,1.0,1.0,1.0,1.0,1.0,1.0
1.0,1.0,1.0,1.0,1.0,1.0,1.0,1.0,1.0,1.0,1.0,1.0
1.0,1.0,1.0,1.0,1.0,1.0,1.0,1.0,1.0,1.0,1.0,1.0
1.0,1.0,1.0,1.0,1.0,1.0,1.0,1.0,1.0,1.0,1.0,1.0
1.0,1.0,1.0,1.0,1.0,1.0,1.0,1.0,1.0,1.0,1.0,1.0
1.0,1.0,1.0,1.0,1.0,1.0,1.0,1.0,1.0,1.0,1.0,1.0
1.0,1.0,1.0,1.0,1.0,1.0,1.0,1.0,1.0,1.0,1.0,1.0
1.0,1.0,1.0,1.0,1.0,1.0,1.0,1.0,1.0,1.0,1.0,1.0
1.0,1.0,1.0,1.0,1.0,1.0,1.0,1.0,1.0,1.0,1.0,1.0
1.0,1.0,1.0,1.0,1.0,1.0,1.0,1.0,1.0,1.0,1.0,1.0
1.0,1.0,1.0,1.0,1.0,1.0,1.0,1.0,1.0,1.0,1.0,1.0
1.0,1.0,1.0,1.0,1.0,1.0,1.0,1.0,1.0,1.0,1.0,1.0
1.0,1.0,1.0,1.0,1.0,1.0,1.0,1.0,1.0,1.0,1.0,1.0
1.0,1.0,1.0,1.0,1.0,1.0,1.0,1.0,1.0,1.0,1.0,1.0
1.0,1.0,1.0,1.0,1.0,1.0,1.0,1.0,1.0,1.0,1.0,1.0
1.0,1.0,1.0,1.0,1.0,1.0,1.0,1.0,1.0,1.0,1.0,1.0
1.0,1.0,1.0,1.0,1.0,1.0,1.0,1.0,1.0,1.0,1.0,1.0
1.0,1.0,1.0,1.0,1.0,1.0,1.0,1.0,1.0,1.0,1.0,1.0
1.0,1.0,1.0,1.0,1.0,1.0,1.0,1.0,1.0,1.0,1.0,1.0
1.0,1.0,1.0,1.0,1.0,1.0,1.0,1.0,1.0,1.0,1.0,1.0
1.0,1.0,1.0,1.0,1.0,1.0,1.0,1.0,1.0,1.0,1.0,1.0
1.0,1.0,1.0,1.0,1.0,1.0,1.0,1.0,1.0,1.0,1.0,1.0
1.0,1.0,1.0,1.0,1.0,1.0,1.0,1.0,1.0,1.0,1.0,1.0
1.0,1.0,1.0,1.0,1.0,1.0,1.0,1.0,1.0,1.0,1.0,1.0
1.0,1.0,1.0,1.0,1.0,1.0,1.0,1.0,1.0,1.0,1.0,1.0
1.0,1.0,1.0,1.0,1.0,1.0,1.0,1.0,1.0,1.0,1.0,1.0
1.0,1.0,1.0,1.0,1.0,1.0,1.0,1.0,1.0,1.0,1.0,1.0
1.0,1.0,1.0,1.0,1.0,1.0,1.0,1.0,1.0,1.0,1.0,1.0
1.0,1.0,1.0,1.0,1.0,1.0,1.0,1.0,1.0,1.0,1.0,1.0
1.0,1.0,1.0,1.0,1.0,1.0,1.0,1.0,1.0,1.0,1.0,1.0
1.0,1.0,1.0,1.0,1.0,1.0,1.0,1.0,1.0,1.0,1.0,1.0
1.0,1.0,1.0,1.0,1.0,1.0,1.0,1.0,1.0,1.0,1.0,1.0
1.0,1.0,1.0,1.0,1.0,1.0,1.0,1.0,1.0,1.0,1.0,1.0
1.0,1.0,1.0,1.0,1.0,1.0,1.0,1.0,1.0,1.0,1.0,1.0
1.0,1.0,1.0,1.0,1.0,1.0,1.0,1.0,1.0,1.0,1.0,1.0
1.0,1.0,1.0,1.0,1.0,1.0,1.0,1.0,1.0,1.0,1.0,1.0
1.0,1.0,1.0,1.0,1.0,1.0,1.0,1.0,1.0,1.0,1.0,1.0
1.0,1.0,1.0,1.0,1.0,1.0,1.0,1.0,1.0,1.0,1.0,1.0
1.0,1.0,1.0,1.0,1.0,1.0,1.0,1.0,1.0,1.0,1.0,1.0
1.0,1.0,1.0,1.0,1.0,1.0,1.0,1.0,1.0,1.0,1.0,1.0
1.0,1.0,1.0,1.0,1.0,1.0,1.0,1.0,1.0,1.0,1.0,1.0
1.0,1.0,1.0,1.0,1.0,1.0,1.0,1.0,1.0,1.0,1.0,1.0
1.0,1.0,1.0,1.0,1.0,1.0,1.0,1.0,1.0,1.0,1.0,1.0
1.0,1.0,1.0,1.0,1.0,1.0,1.0,1.0,1.0,1.0,1.0,1.0
1.0,1.0,1.0,1.0,1.0,1.0,1.0,1.0,1.0,1.0,1.0,1.0
1.0,1.0,1.0,1.0,1.0,1.0,1.0,1.0,1.0,1.0,1.0,1.0
1.0,1.0,1.0,1.0,1.0,1.0,1.0,1.0,1.0,1.0,1.0,1.0
1.0,1.0,1.0,1.0,1.0,1.0,1.0,1.0,1.0,1.0,1.0,1.0
1.0,1.0,1.0,1.0,1.0,1.0,1.0,1.0,1.0,1.0,1.0,1.0
1.0,1.0,1.0,1.0,1.0,1.0,1.0,1.0,1.0,1.0,1.0,1.0
1.0,1.0,1.0,1.0,1.0,1.0,1.0,1.0,1.0,1.0,1.0,1.0
1.0,1.0,1.0,1.0,1.0,1.0,1.0,1.0,1.0,1.0,1.0,1.0
1.0,1.0,1.0,1.0,1.0,1.0,1.0,1.0,1.0,1.0,1.0,1.0
1.0,1.0,1.0,1.0,1.0,1.0,1.0,1.0,1.0,1.0,1.0,1.0
1.0,1.0,1.0,1.0,1.0,1.0,1.0,1.0,1.0,1.0,1.0,1.0
1.0,1.0,1.0,1.0,1.0,1.0,1.0,1.0,1.0,1.0,1.0,1.0
1.0,1.0,1.0,1.0,1.0,1.0,1.0,1.0,1.0,1.0,1.0,1.0
1.0,1.0,1.0,1.0,1.0,1.0,1.0,1.0,1.0,1.0,1.0,1.0
1.0,1.0,1.0,1.0,1.0,1.0,1.0,1.0,1.0,1.0,1.0,1.0
1.0,1.0,1.0,1.0,1.0,1.0,1.0,1.0,1.0,1.0,1.0,1.0
1.0,1.0,1.0,1.0,1.0,1.0,1.0,1.0,1.0,1.0,1.0,1.0
1.0,1.0,1.0,1.0,1.0,1.0,1.0,1.0,1.0,1.0,1.0,1.0
1.0,1.0,1.0,1.0,1.0,1.0,1.0,1.0,1.0,1.0,1.0,1.0
1.0,1.0,1.0,1.0,1.0,1.0,1.0,1.0,1.0,1.0,1.0,1.0
1.0,1.0,1.0,1.0,1.0,1.0,1.0,1.0,1.0,1.0,1.0,1.0
1.0,1.0,1.0,1.0,1.0,1.0,1.0,1.0,1.0,1.0,1.0,1.0
1.0,1.0,1.0,1.0,1.0,1.0,1.0,1.0,1.0,1.0,1.0,1.0
1.0,1.0,1.0,1.0,1.0,1.0,1.0,1.0,1.0,1.0,1.0,1.0
